ticker,stagger,sector,currency,currency_beta,currency_tstat,aud_beta,aud_tstat,spy_beta,sector_factor,sector_beta,nobs,remaining_sector_order,remaining_sector_count,remaining_nobs,remaining_XLB_beta,remaining_XLB_tstat,remaining_XLC_beta,remaining_XLC_tstat,remaining_XLE_beta,remaining_XLE_tstat,remaining_XLF_beta,remaining_XLF_tstat,remaining_XLI_beta,remaining_XLI_tstat,remaining_XLK_beta,remaining_XLK_tstat,remaining_XLP_beta,remaining_XLP_tstat,remaining_XLRE_beta,remaining_XLRE_tstat,remaining_XLU_beta,remaining_XLU_tstat,remaining_XLV_beta,remaining_XLV_tstat,remaining_XLY_beta,remaining_XLY_tstat,residual_risk_before_remaining,residual_risk,status
VST,stagger_3,Utilities,USD,,,1.05302140353,1.80636361536,1.11391687451,XLU_residual,1.14860011097,80,XLV_residual;XLRE_residual;XLI_residual,3,80,0,-1.14121076426,0,0.00341798854487,0,0.505196596613,0,0.492004826391,0.902817104903,2.61812357897,0,-0.214320843334,0,-0.866582607884,-0.778571069309,-2.34528389021,,,-1.027781886,-3.38422329764,0,0.676680800212,0.109002031852,0.0943185977882,ok
VIST,stagger_3,Energy,MXN,0.544630248747,0.997984111244,0.578234661197,0.968583179048,0.258484179465,XLE_residual,0.995346747917,80,XLB_residual;XLY_residual,2,80,-0.919601708549,-3.3785997682,0,-1.21263053761,,,0,0.675930430424,0,0.523937337455,0,-0.776429668873,0,-0.419249144131,0,0.336003055079,0,0.607090082677,0,0.52511146637,-0.758124282789,-2.02436069128,0.106535649649,0.0969880305982,ok
AEP,stagger_3,Utilities,USD,,,0.133437778146,0.539010199598,-0.126323688557,XLU_residual,1.09965773161,80,XLV_residual,1,80,0,-0.378627309749,0,-0.52060687802,0,-1.57739058562,0,-0.76053377833,0,-0.129750929271,0,0.599927549426,0,0.606149079312,0,-0.128821697871,,,0.261436662284,3.10807364686,0,-0.916850968703,0.0298862547156,0.0281914724647,ok
ETR,stagger_3,Utilities,USD,,,0.212135157686,0.812812945733,0.174464687123,XLU_residual,1.09630133371,80,,0,80,0,0.581159357958,0,0.141765325436,0,0.16369090789,0,1.44731081526,0,1.29926728088,0,-1.00256891481,0,-0.110291267397,0,-0.120826539935,,,0,-0.303655850718,0,0.147775636944,0.0346902526905,0.0346902526905,ok
DIS,stagger_3,Communication Services,USD,,,0,3.40811294935,1.55313649397,XLC_residual,0.910509076639,80,XLF_residual,1,80,0,0.390785682775,,,0,0.935436329261,0.501147614376,2.55505121228,0,-0.0584692675578,0,1.31976957362,0,-0.290994268411,0,-1.55782419828,0,-1.17337332246,0,-1.66124222618,0,0.359394374771,0.058955300571,0.0566329423712,aud_beta_filtered
CMG,stagger_3,Consumer Discretionary,USD,,,0,2.01714782416,1.29321846402,XLY_residual,1.130053235,80,,0,80,0,1.97193082368,0,-0.315452605412,0,-1.16580401559,0,1.91805875331,0,1.31620101289,0,-0.616642614791,0,1.90932487299,0,-0.224973902714,0,0.44686488204,0,1.24127355142,,,0.0880778689633,0.0880778689633,aud_beta_filtered
AMZN,stagger_3,Consumer Discretionary,USD,,,0.799302073181,1.98577104282,1.19611591841,XLY_residual,1.06611227481,80,XLB_residual,1,80,-0.760223099648,-4.76874118824,0,-0.908050667523,0,0.233262752848,0,-0.501739630089,0,-0.839377051435,0,-0.636339270509,0,-1.86809925628,0,-0.414083937765,0,-1.20190852703,0,-0.66517385405,,,0.0662318836954,0.0582789221723,ok
FIX,stagger_3,Industrials,USD,,,0,2.36476916202,1.37717563883,XLI_residual,1.54903155061,80,XLV_residual;XLC_residual;XLU_residual;XLF_residual,4,80,0,-0.625703623032,-1.11900490064,-3.1164130913,0,1.40030262834,-0.855642768737,-3.20435195799,,,0,-0.768379321931,0,-0.96390493041,0,-0.99417491834,0.669967641491,2.90675542295,-1.20940306978,-4.42678810043,0,0.297884517406,0.102422322361,0.0771001708789,aud_beta_filtered
STX,stagger_3,Technology,SGD,0,2.95040909191,0,5.04890168603,2.44254810042,XLK_residual,1.0355437615,80,XLB_residual;XLV_residual;XLY_residual,3,80,0.841496419823,2.85048967302,0,-0.797284886862,0,0.36287447363,0,-0.527503074973,0,0.781130184451,,,0,-0.416836040724,0,0.720377588887,0,0.172033740488,-0.694611945086,-2.22451149928,-1.01195145682,-2.61141352417,0.113403133191,0.100357459799,currency_beta_filtered;aud_beta_filtered
VLO,stagger_3,Energy,USD,,,0,2.47779823681,0.575709724396,XLE_residual,1.13927873413,80,XLP_residual,1,80,0,0.91988748049,0,0.164930275448,,,0,0.354454031107,0,-0.112486700256,0,0.426799109811,-0.479554037612,-2.37214769107,0,0.110112371671,0,-0.523142720501,0,1.28805690829,0,-1.5826708086,0.056701446437,0.0547605700673,aud_beta_filtered
CF,stagger_3,Materials,USD,,,0.446308060013,0.914457696971,0.257891949663,XLB_residual,0.216097202269,80,XLE_residual,1,80,,,0,0.530763018887,0.723528146656,5.15779617784,0,-0.183181655993,0,-0.246941292216,0,0.127484330462,0,-1.37467147269,0,0.0923889995389,0,0.769035396666,0,-1.67771086881,0,1.83230290964,0.104950002814,0.0906270771257,ok
NTR,stagger_3,Materials,CAD,-0.253506906917,-1.57544342664,0,2.99153694747,0.260575937701,XLB_residual,0.478315168622,80,XLE_residual;XLY_residual,2,80,,,0,1.3124143701,0.357657246121,3.42235034943,0,-1.05499101835,0,-1.06385594919,0,0.0902243885175,0,-0.269815244963,0,-0.0997417167519,0,1.09907435897,0,-0.235590507048,0.580742621764,2.30204446263,0.0724083106167,0.0653334545577,aud_beta_filtered
LNN,stagger_3,Industrials,USD,,,0.654584588505,1.90128314786,0.343581071584,XLI_residual,0.861270213897,80,,0,80,0,0.0174766431201,0,0.876502626493,0,-0.252988305135,0,1.61819673358,,,0,-0.0838633216955,0,0.419099618646,0,-0.37261955995,0,-0.497588209199,0,1.23743266785,0,1.51881051238,0.0683779397992,0.0683779397992,ok
WDC,stagger_3,Technology,USD,,,0,3.70587228343,2.30141504198,XLK_residual,0.96189965736,80,XLI_residual;XLV_residual;XLY_residual,3,80,0,0.359499332631,0,-0.052884826082,0,1.26345963998,0,-1.05758974721,1.29358591996,2.8750127335,,,0,-0.976833006752,0,-0.791693315386,0,-0.331183521883,-0.728476540227,-2.03590722875,-1.09036316366,-2.44314184952,0.129424046984,0.115581444331,aud_beta_filtered
ASND,stagger_3,Health Care,DKK,0.577515828101,1.0246968974,0.420420689649,0.893371967452,0.19878027659,XLV_residual,0.656959948558,80,XLE_residual,1,80,0,0.968136947736,0,1.16017470518,-0.483132350839,-3.38957348404,0,0.492660577698,0,1.93393939723,0,-1.30542988537,0,-0.427374744444,0,0.533086657711,0,0.216149146375,,,0,0.926026290717,0.0986338115697,0.0920847650356,ok
DOCN,stagger_3,Technology,USD,,,0,4.54325663722,3.038093124,XLK_residual,2.12763060173,70,XLRE_residual;XLF_residual,2,70,0,0.540204325486,0,-0.292181393585,0,1.33302132314,-1.27916395654,-2.22661089336,0,-0.479624710072,,,0,0.554637994982,1.20858079323,2.11451016507,0,-1.51657899507,0,0.237476515667,0,0.372465568478,0.172624925825,0.161433617351,aud_beta_filtered
CME,stagger_3,Financials,USD,,,0,3.29890541617,0.0623110752929,XLF_residual,0.0643214408042,80,XLE_residual;XLC_residual,2,80,0,-0.616948817352,0.623661984866,3.00403710761,0.247417082269,3.03119552369,,,0,-0.515169015181,0,-0.831427196153,0,1.76745402063,0,1.5483124656,0,0.575279490708,0,-0.343115986521,0,0.169112779268,0.0557524388122,0.0499240297515,aud_beta_filtered
NET,stagger_3,Technology,USD,,,1.5514407981,1.87908862473,2.12855950154,XLK_residual,0.34040875134,80,XLB_residual,1,80,-1.16472413041,-2.83913936856,0,1.63310165378,0,1.2536712483,0,1.14172617605,0,0.578790158227,,,0,0.248999977111,0,0.79730795046,0,0.130834087979,0,1.12575458113,0,1.40567294543,0.157530891436,0.149972131388,ok
MRNA,stagger_3,Health Care,USD,,,0,2.24593824932,2.0947362963,XLV_residual,2.238807079,80,XLK_residual;XLB_residual,2,80,1.38444715097,2.20459864201,0,1.45443747014,0,-0.827437263879,0,-0.561429759358,0,-1.12132017589,2.20678900541,2.38661965993,0,-0.798185945544,0,-1.99398651455,0,-1.00924283779,,,0,-0.0537823064374,0.24510479623,0.229573126437,aud_beta_filtered
AXON,stagger_3,Industrials,USD,,,-0.0380860665598,-0.0495198996896,1.79143506723,XLI_residual,-0.277324964082,80,,0,80,0,-1.69401558463,0,0.485511269991,0,-1.25515610295,0,1.60672781423,,,0,1.51862294839,0,-1.05407962178,0,-0.643255632803,0,-0.297976277171,0,-0.29719292724,0,1.40279055286,0.150607456861,0.150607456861,ok
NFLX,stagger_3,Communication Services,USD,,,0.898313007669,1.55454833669,1.06125630896,XLC_residual,1.83559752249,80,XLP_residual;XLF_residual,2,80,0,-0.682363587129,,,0,-0.906395828332,0.720220868196,2.08890629692,0,-0.27998547651,0,-0.366468739692,-1.01169228237,-2.67886351645,0,-0.0855920856528,0,0.785605657936,0,0.695984198426,0,0.460970149867,0.10690107976,0.0995519588228,ok
CMCSA,stagger_3,Communication Services,USD,,,0,4.66088748261,0.499251716514,XLC_residual,0.838727633707,80,XLB_residual;XLP_residual,2,80,1.04838869682,8.55054284308,,,0,0.755303527791,0,1.07954242227,0,-1.16801200719,0,0.0287967882027,0.345847368635,2.15113915717,0,0.155184511588,0,-1.7245029198,0,0.270572481461,0,0.255863911251,0.0623885236104,0.0435499944013,aud_beta_filtered
MU,stagger_3,Technology,USD,,,0,3.15194152246,2.67360940088,XLK_residual,2.43517125176,80,XLB_residual,1,80,1.14722535401,3.31191250748,0,-1.28345091967,0,1.60050547073,0,-1.58948935906,0,-0.074472556579,,,0,-0.39122876086,0,-0.68742226796,0,-0.102296602349,0,0.553176652971,0,-1.97072721193,0.135243238549,0.126632180034,aud_beta_filtered
NEM,stagger_3,Materials,USD,,,0,5.48034588476,0.358609503282,XLB_residual,1.36853319584,80,XLI_residual,1,80,,,0,1.67755408681,0,-0.142514759547,0,-0.349860371166,-1.00138405593,-2.78520019284,0,-0.76830097379,0,0.660096693651,0,-0.198987571283,0,0.437553808897,0,0.13868103179,0,0.43617930066,0.103114633946,0.098340396405,aud_beta_filtered
PGR,stagger_3,Financials,USD,,,0.104401274454,0.358282878514,0.0474860429192,XLF_residual,0.735864450111,80,XLV_residual,1,80,0,-0.340033375249,0,1.0298057359,0,-1.13994261328,,,0,0.352728879828,0,1.94682421424,0,1.02597758855,0,-0.502668869993,0,0.728968630459,0.4223810497,2.52110755256,0,-0.730416318768,0.0583937366837,0.0561507578834,ok
ORKA,stagger_3,Health Care,USD,,,0.712520514088,0.724548546266,0.995353434054,XLV_residual,0.450645516392,80,,0,80,0,-1.40747846361,0,-1.64637773466,0,-0.793755227906,0,-1.13058655806,0,-0.00870041290334,0,1.12317755372,0,-1.87409356842,0,-1.05051099663,0,0.627309954215,,,0,-1.62488675147,0.208842534583,0.208842534583,ok
UPST,stagger_3,Financials,USD,,,2.30403537463,1.75852551803,3.01372842232,XLF_residual,3.03543804609,74,XLY_residual;XLK_residual,2,74,0,-0.546995858578,0,0.583554259846,0,-0.653598864506,,,0,0.475157769118,1.87198082345,2.24394543775,0,-1.01501819175,0,-0.0672318281215,0,-0.14088512164,0,0.0376131009775,2.41313825559,2.83935672718,0.229805421575,0.2106855887,ok
PG,stagger_3,Consumer Staples,USD,,,0.248518239243,1.24203015801,0.0747958566986,XLP_residual,1.05100050377,80,,0,80,0,-0.533256634981,0,0.333076360912,0,-1.13338650539,0,-0.694949819099,0,-0.589304259438,0,0.497626553402,,,0,-1.25621723485,0,0.547954739454,0,1.9327255781,0,-1.44817689969,0.0288866776604,0.0288866776604,ok
F,stagger_3,Consumer Discretionary,USD,,,0,3.13736730107,1.36947243953,XLY_residual,0.0190429549745,80,XLE_residual,1,80,0,0.225879222732,0,-1.96310386622,0.465283420039,3.16657582049,0,0.733871031794,0,1.02087572849,0,0.491914981909,0,0.096033876282,0,0.96743273319,0,-0.338136493856,0,0.664528384901,,,0.100845274688,0.0949280161075,aud_beta_filtered
HPE,stagger_3,Technology,USD,,,0,2.27476773315,1.95665040655,XLK_residual,0.711579792443,80,XLE_residual;XLU_residual,2,80,0,-0.0262150006226,0,-1.687530861,0.600370007436,3.48367817849,0,1.29754802913,0,0.0305184669225,,,0,-0.351743576847,0,0.0757845898283,-0.711606654623,-2.35372860829,0,0.0425172116598,0,-0.527483753087,0.11968770817,0.107583989485,aud_beta_filtered
BA,stagger_3,Industrials,USD,,,0,3.96523721675,1.70169019132,XLI_residual,0.79607280649,80,XLV_residual;XLE_residual,2,80,0,1.446940221,0,0.277184121164,-0.255635174026,-2.02575893463,0,1.25451119647,,,0,-1.19019717298,0,1.8066293481,0,1.22989682445,0,-0.472226803867,-0.560525202988,-2.2459707095,0,0.614322239628,0.0863060937935,0.0815266441419,aud_beta_filtered
HII,stagger_3,Industrials,USD,,,0.122612253045,0.260990765682,-0.310143292556,XLI_residual,1.3094578354,80,,0,80,0,-0.35181821456,0,-0.964886872168,0,1.15817765695,0,-0.0678309801799,,,0,-1.67938177835,0,-0.552823718659,0,0.941759378174,0,0.020014130705,0,0.843855340008,0,0.131218385963,0.0926321610881,0.0926321610881,ok
AMD,stagger_3,Technology,USD,,,0,2.35087650388,2.74263591866,XLK_residual,3.23873703999,80,XLC_residual;XLU_residual,2,80,0,0.642203015298,-2.04409444744,-4.770979655,0,-1.17550278262,0,-0.44630319105,0,0.73228443553,,,0,-0.430085297973,0,0.537050152354,0.701005584448,2.51763055983,0,-0.362057980905,0,-0.50037797258,0.117101017293,0.0990817129967,aud_beta_filtered
LLY,stagger_3,Health Care,USD,,,0.0225556539538,0.0515094802924,0.433210377812,XLV_residual,1.37310061872,80,XLB_residual;XLY_residual;XLRE_residual,3,80,-0.751517002118,-3.8710567713,0,0.0183601280276,0,-0.481421753195,0,-1.23359621557,0,0.105484012616,0,0.401276128182,0,0.250581431709,-0.510017947109,-2.28469723943,0,-0.456095180704,,,-0.654220810924,-2.47960342447,0.0774894907187,0.0661517923868,ok
WELL,stagger_3,Real Estate,USD,,,0,2.99700095614,0.520702569292,XLRE_residual,0.740584985111,80,XLC_residual;XLV_residual,2,80,0,-0.523501752569,0.550837207387,2.50365504643,0,0.0292606180008,0,0.0713860205823,0,0.714978783514,0,-0.286711521671,0,1.06926080817,,,0,1.4357622348,0.403813396456,2.6726103334,0,-1.10457181875,0.0549919621251,0.0506392949046,aud_beta_filtered
NOK,stagger_3,Technology,EUR,0.962234510042,1.32410722335,0.983962831207,1.68102064203,0.934333471574,XLK_residual,1.6001465049,80,XLY_residual,1,80,0,0.439790735528,0,-0.200420544715,0,-0.109650864455,0,0.167782204143,0,-0.237593666393,,,0,-0.0789575125101,0,0.588674044136,0,0.801465295641,0,1.5242763254,-1.13840624032,-2.75288829011,0.112178356486,0.107096260901,ok
MSFT,stagger_3,Technology,USD,,,0.611349091552,1.84527669746,0.793516791873,XLK_residual,0.919748814874,80,XLB_residual,1,80,-0.625766944299,-4.33274449988,0,0.280407653469,0,1.35160112142,0,1.67585298069,0,-0.459069857162,,,0,0.146089296647,0,0.497943403174,0,-0.165335986398,0,0.222228219505,0,0.348323496583,0.0588102211165,0.052798762159,ok
GOOGL,stagger_3,Communication Services,USD,,,0.599831141792,1.58286869753,0.991865971077,XLC_residual,0.0500520799258,80,XLB_residual;XLF_residual,2,80,-0.882328306785,-5.18739223879,,,0,0.220524010041,-0.591987896302,-2.89259366725,0,0.18447017347,0,-1.94041601439,0,-0.630685463564,0,-0.939259409305,0,-0.526194167891,0,0.467437944165,0,0.665175366835,0.0721131519584,0.0590919694052,ok
COST,stagger_3,Consumer Staples,USD,,,0,3.05312914913,0.799618140962,XLP_residual,0.662814624263,80,XLY_residual,1,80,0,-0.734286658629,0,1.01243309665,0,0.0227401869621,0,-1.00806582385,0,-0.482477906781,0,-0.43358069701,,,0,0.898567680195,0,0.444218842642,0,-0.517388807944,0.455947656924,2.46567601617,0.0497213046616,0.0478899745871,aud_beta_filtered
HD,stagger_3,Consumer Discretionary,USD,,,0.496086833923,1.56378844427,0.688979160134,XLY_residual,0.610959681166,80,XLI_residual;XLV_residual;XLE_residual,3,80,0,0.666017641296,0,-0.326735268666,-0.186443576626,-2.73097383655,0,1.26983076006,1.18846557252,6.76608695579,0,-0.619113207586,0,0.346097017714,0,0.0271797191699,0,-0.063400640162,0.350446291112,2.54412132759,,,0.060522178114,0.0441058915127,ok
KO,stagger_3,Consumer Staples,USD,,,0,2.37690385593,0.101245758227,XLP_residual,1.12093825519,80,XLV_residual;XLI_residual;XLY_residual,3,80,0,-0.875969817054,0,-0.113737329311,0,-0.608560936743,0,0.499335985815,-0.261550334503,-2.96959730999,0,-0.196302491059,,,0,0.519592922732,0,0.968729567039,0.299952030912,3.95539720041,-0.261515856125,-2.96563932187,0.027848362188,0.0228373297967,aud_beta_filtered
JNJ,stagger_3,Health Care,USD,,,0.241345981041,0.984823862543,0.00962001626147,XLV_residual,1.07364014682,80,XLI_residual,1,80,0,-0.239393115116,0,1.54024109965,0,0.657017493454,0,-1.09390968376,0.406362663593,3.50584428311,0,0.509612715779,0,-0.0785438808988,0,0.387361051688,0,1.24074376393,,,0,-0.743766410023,0.0341101532511,0.0317036215273,ok
BRK-B,stagger_3,Financials,USD,,,0.257498300348,1.35101980951,0.205826353126,XLF_residual,0.637473777799,80,XLV_residual,1,80,0,-0.883078035451,0,0.324874700652,0,1.22647789676,,,0,0.187214304187,0,-0.422262289731,0,1.49925507996,0,0.815634362257,0,0.681367753485,0.381720561273,4.05167024946,0,-0.904667506791,0.0347399830659,0.0315757759605,ok
