date,XLB_residual,XLC_residual,XLE_residual,XLF_residual,XLI_residual,XLK_residual,XLP_residual,XLRE_residual,XLU_residual,XLV_residual,XLY_residual
2020-08-03,0.0129026740303259,-0.003333269823515367,0.001527623723935091,0.004547663313157792,0.02814688139071948,-0.01368254631116015,0.01687184359585588,0.006298680407981382,0.02372969714404721,0.01588554644281367,0.001364315044742617
2020-08-31,0.01499932426269171,0.006674606799370077,-0.05289798334047931,-0.002604866864938807,0.006378306266326314,0.002557680949755534,0.0112705129859682,-0.009478114298319424,-0.02631550959025644,-0.01176046581461805,0.01796603466792739
2020-09-28,0.003630660299418706,-0.01121315809021322,-0.09651103255411733,-0.008623221766786112,0.008520320708994977,0.005915231603169572,-0.006372514833957485,0.01831086870790611,0.01545205993173419,-0.004189688610632091,0.02819451746727038
2020-10-26,0.01017537378870713,0.01443470178221853,-0.01990920685046678,0.0005873312913118513,-0.004572000053733337,-4.78356413339126e-05,-0.01366979193643853,-0.02423381395453519,0.0140145721446437,-0.01184876973251231,0.00256845524403429
2020-11-23,0.02548135583963693,0.004873204782810739,0.1396397800388288,0.04423415379153612,0.03645230503850044,-0.03419074587954798,0.01835892634188637,0.002963635592354491,-0.004721702315566484,0.01522016234041101,-0.009542142934760411
2020-12-21,-0.005400685827977614,-0.001717821255331094,-0.02100647835759299,0.002260223834326809,-0.01443598377951769,0.01587203127145079,-0.002241761174002203,-0.01131998984477864,-0.02543570572977493,0.005859787875237564,-0.005699581317020755
2021-01-18,0.006893633707374641,0.004517675416140302,0.03765481703105478,0.007154492395099153,-0.01713998463137946,-0.01459826481606733,-0.02397491909012641,0.002872716081290803,0.006718166516416286,0.02010790389986229,0.02528918634983247
2021-02-15,-0.001972967863103053,0.02257729480511989,0.03909824431452258,0.02886914767950239,0.004972372797618432,-0.0009856355097022929,-0.006606100723648498,0.01602648287089282,-0.02037492925844404,-0.02376697595677221,-0.007383205647140459
2021-03-15,0.02395751133763739,0.02481640262790498,0.02935390852746601,0.03148460391784912,0.03248068422878393,-0.02981626073924514,0.01142393593312124,0.01146539732897131,0.003326090610264064,8.51590683502582e-05,-0.004979969732321616
2021-04-12,0.006335191844440861,-0.02414697902702334,-0.03581649445989298,-0.01590778642169094,-0.006829801083942887,0.0003722369218574911,0.01804805513916199,0.02213745499579421,0.03920596690111513,0.01599545778842644,0.004741020716538799
2021-05-10,0.04073568706760842,0.004682332528569207,0.05010098850860387,0.04277378268164718,0.02046160726774546,-0.02981953529289767,0.008615004501903854,0.01252663540420697,-0.01622594357333193,0.007496771439463798,-0.023477848399192
2021-06-07,-0.02086460053356039,0.01315585001147097,0.005004347326536304,-0.01664664382283026,-0.01946299693018307,0.01114634292829426,-0.005336797828045991,0.04601097381556932,-0.004758036077895119,-0.001905956377691981,0.002734530432638613
2021-07-05,-0.03461334797391714,0.0003481195363508396,-0.04318957591545082,-0.03007888077294251,-0.01617253182944038,0.01457793526049853,-0.01116882586304454,0.0009374567344175751,-0.01810464819480465,0.01330173519413693,0.01934980492743293
2021-08-02,0.002289412521861421,0.001694141247389773,-0.05920979612432849,0.01008094664818999,-0.01061378627691032,0.001372538291716456,0.002163716043153013,0.007758220227227051,0.02178859157826849,0.01408952686259249,-0.01010835975064727
2021-08-30,-0.001331993744511881,0.008382415332416852,-0.03048532135297151,-0.01125800235503865,-0.008688843178438342,-0.003296579409407131,0.01041629040496775,0.0202032944912323,0.01220990229588911,0.01010062036621207,-0.002142368734377146
2021-09-27,-0.01546840504897396,-0.005491275369221053,0.07319668126761142,0.02796030899230391,-0.0136111528091281,0.008929956048129926,-0.02423768952812064,-0.02855809947932724,-0.05011619718638439,-0.03872889857317063,0.03110709926925295
2021-10-25,0.01048114923479056,-0.0426347705546211,0.01793272432039125,0.001127325609612498,0.001297977458509916,-0.01296691028775768,0.006813446896515002,0.01898891773721465,0.01929399046390836,0.01597696540103951,0.03391574082814879
2021-11-22,0.01202763200648128,-0.02527738514540422,-0.03581846753933009,-0.02622259987496482,-0.01039386976733433,0.02091522282803352,0.005469232678226521,0.003550687149566369,-0.005675822002626027,-0.01242747135122053,0.01835818070569987
2021-12-20,0.004514372182529177,-0.006569154055243038,-0.01963112219853584,-0.01464020848668303,-0.01156012383000585,0.001242782020700054,0.02760540080555013,0.02576611794000915,0.0274478808970386,0.02977633798011744,-0.01853490244283505
2022-01-17,0.00633702912447557,-0.007712313256351376,0.09698850811538423,0.0348394453254248,0.02174861600302696,-0.002128554346629175,0.0229725975059899,-0.004798902571760612,-0.00245080007812978,-0.03501854792472514,-0.01417740017613574
2022-02-14,0.004715444828148924,-0.04233856969718389,0.0512554331058698,0.0241279440521029,-0.01769517588307137,0.001963939308975917,0.001299211192053588,-0.02686803572108042,-0.03087327033940478,-0.01154489240573932,0.01378207173320693
2022-03-14,0.005395594105615241,-0.007015800855187659,0.04028781248637825,-0.0224504285711502,0.0142134433912658,-0.01540514334312647,-0.02620922210327065,0.03038316146176167,0.04068028274174431,0.04186995214428609,-0.008220712382631012
2022-04-11,0.03813202286939642,-0.005404850221867565,0.05585771365455063,-0.02851973365806598,-0.01148735311283022,-0.02148399282468553,0.05084809507170254,0.03942529781213942,0.0564351488939423,0.01263623778755997,0.008526566381451802
2022-05-09,-0.005360685568484153,-0.0292885421259641,0.01898560360806457,-0.01305251843592712,-0.001301411541914418,0.04197301428610064,0.002801968349585141,-0.04361732849166779,-0.03807040516047073,-0.03421564741889871,-0.03192115359384505
2022-06-06,0.01184200465294349,-0.007770363748590733,0.066773576448092,-0.002570388728427971,-0.001701390294050663,0.008994759733719371,-0.04506259718839586,-0.01494886053956507,-0.0003205075534747575,-0.01265966878798814,-0.00438651703899471
2022-07-04,-0.08072994051402967,0.002605801927607374,-0.1774164860510031,-0.00821266990732084,-0.02511409705069031,0.01224802251205816,0.01434522298955754,0.0100961365668613,-0.01493708183491782,0.03155910337198582,0.01844661834615724
2022-08-01,0.005951223843074643,-0.03702686022062702,-0.007027519344587216,-0.006648959938504923,0.02710327570998211,0.007348828517264094,3.134454884957602e-05,0.01517200773797838,0.03357507355762451,-0.01769940699759615,0.0392675702100297
2022-08-29,0.005386295828072468,-0.006888805731406246,0.07372581694338541,0.01879722471281179,-0.0005220424016365993,-0.01565441626037821,-0.009370858690790206,-0.01244252018863222,0.00860527255788696,-0.02666500273273402,0.01525315837330073
2022-09-26,-0.009129923315274749,-0.02557040831887623,-0.06264123359148806,0.005368016894073908,-0.02379808594061233,0.02254338559729557,-0.03865429173789411,-0.04817950902226418,-0.08834079273745239,0.003043935957670177,0.02720893601328046
2022-10-24,0.02372013573593462,-0.0423765728577809,0.1376549172427803,0.03257030790185586,0.04795262784949193,-0.03316748335993307,0.04946405320282719,-0.02775140598952289,0.004412069183755796,0.04547505750910833,-0.06324100303738608
2022-11-21,0.0599757053178981,-0.004017493196699667,0.001155679111760545,0.0191809078643824,0.03096361226184134,-0.01547665507376155,0.02294170935517595,0.02723614024462895,0.03224548360634091,0.01248270551284938,-0.03969448087796413
2022-12-19,-0.00373763397513717,-0.003186540625165941,-0.03598016372115526,-0.01254683441280748,0.008941714372247951,0.002400349593764235,0.005784432451322786,0.001643073942311307,0.01027586203620167,0.008795204822372865,-0.02536507878170834
2023-01-16,0.02410726064094352,0.06570810768750507,0.009851400681129968,0.007858508797077345,-0.02089642666288526,0.003358213600096631,-0.04103479197158669,0.03129819285143887,-0.03069397995985812,-0.02794262429169969,0.03389708653316426
2023-02-13,-0.03354633389815033,0.01540824306857089,-0.08095058686373258,0.002043613923282533,0.01181832615902374,0.01846224517875607,0.002449077232909731,-0.005272340916213048,-0.01883180402237793,-0.02507262603409909,0.04723951284843297
2023-03-13,-0.03618180969682661,0.02777495378392469,-0.08229683963784312,-0.1100494369859769,-0.02906777678344287,0.07658989740792431,-0.00832412978243705,-0.05019871115726074,-0.01645794028574175,-0.03116091937487069,-0.005240969501640318
2023-04-10,0.02772273051397922,0.02475137312543943,0.08996570723434055,0.01110273428593411,-0.01178933776859524,-0.04049221641361708,0.02245176567380952,-0.01643153296911493,0.016953707361051,0.04057599775154161,-0.0160233963383768
2023-05-08,-0.02926554188108562,0.01074202900524231,-0.1071951574335135,-0.02613272936233949,-0.01292842510959678,0.01821451889058261,0.0221484098595527,0.01690409408117233,-0.001977439784391884,-0.01834428393238968,0.01591613604927689
2023-06-05,-0.01949732797201616,0.01775704683879872,0.005075049005739764,-0.001916826971651499,7.825410390056853e-05,0.02818284423236302,-0.06436541611613894,-0.02395914991985786,-0.04836234296468074,-0.03091382230177121,0.03846031663246498
2023-07-03,0.01462918517766418,0.009986556258160282,-0.01876298998461396,-0.004280085501786303,0.0169130829457719,-0.00119424495645102,0.001810082939382274,0.0135028580914343,-0.015511902062082,-0.01791233869328218,0.02884890932790077
2023-07-31,0.01419067807791225,0.01487862167938273,0.04975352933729256,0.01963823440948735,0.0009480567877755246,-0.02544769712926138,0.00747283425396072,-0.02703771710337819,-0.02832286187688499,0.01466367825183458,-0.001556536665441666
2023-08-28,-0.003098294366491656,-0.006586076109424155,0.0249005915933638,-0.0151449738942017,-0.005119624323775527,0.01507095704597768,-0.03746803639071519,-0.004868020162252037,-0.02656110623566932,0.001789070655158187,-0.01404080730164449
2023-09-25,-0.01840574726953974,0.02611996137848763,0.008021053138495694,0.005207836681468868,-0.02572339506114714,0.007643548109871182,-0.02370954333366127,-0.03408003082890003,-0.04522763293929812,-0.01557699834867728,0.01843399467433253
2023-10-23,-0.01371741831252456,-0.0004468244713590613,-0.06347999034124696,-0.0167390503214794,-0.01827284230552623,0.04415454485105581,-0.02015076324666675,-0.01946390524096704,0.0007739747311059425,-0.03127603989519281,-0.0160706994004818
2023-11-20,-0.0006701471372852347,0.0256940233409505,-0.04613945108447478,0.02250847870829306,0.00892921376763993,-0.0196893693960451,0.01832467052814796,0.04610565129810298,0.03910095921359344,0.01948913314564196,-0.0006772557473256335
2023-12-18,0.02811592767813768,-0.01248273516250755,-0.01836692720787967,0.01855669340611724,0.028921752630825,-0.02197616168741248,0.002293449304395231,0.07377477001027925,-0.005172618080672061,0.01387775644703361,0.02124443385769943
2024-01-15,-0.05462386410321672,0.01553017204743606,-0.07935251550971921,-0.001753412989614053,-0.02421268903891129,0.01539451337846172,0.003775286890005015,-0.03673369354297375,-0.03540860183618836,0.0228387790973131,-0.04170280199147575
2024-02-12,0.009442290132731658,0.02465820592270956,0.04197655811915388,0.01185341697676188,0.0177820857191065,-0.04095108113370601,0.003440545270976862,-0.03153581311845219,-0.007607318827810467,0.02782744591007185,-0.01207140999479637
2024-03-11,0.0493483887726806,-0.01626528929443096,0.04960809718779316,0.007090022203789577,0.01216912776703951,-0.0203541161659745,0.02169431085824725,0.004754173636777093,0.0282657750732839,-0.01457266031469524,-0.02821170432217742
2024-04-08,-0.006881717852755381,0.02984960080197623,0.04708345705028061,-0.01781080586836212,0.006788268017657998,-0.001108805617437132,-0.02532082136850861,-0.04120906605023524,0.01653688563302258,-0.04850492777761973,0.001936712888600786
2024-05-06,0.007769629490790081,-0.01120691162670877,-0.04665708751697457,0.02708033336712668,0.004410148035978754,-0.02973333345246546,0.0520772498180843,0.005138548663441517,0.1046868341464709,0.02475903475595602,-0.01175186826373902
2024-06-03,-0.04507822522799067,0.01137636607012698,-0.06867605800154228,-0.0350024369423782,-0.05500733168277631,0.01241772627745961,-0.01055685938205778,-0.01127472288596986,-0.03074916162461887,0.007831987622279267,-0.0284239662526469
2024-07-01,-0.05316938095044382,0.006627331732640102,-0.01900118269120128,-0.03662843437591561,-0.04707513697615909,0.01993811468410536,-0.01319159448493378,-0.008029489802128843,-0.0273552433393469,-0.03205768327522471,0.0250012209457065
2024-07-29,0.06422036445761595,0.003118078473603986,-0.01822431355735314,0.05504115460347168,0.04974431561139483,-0.07586091984643738,0.04144181502359646,0.1361894336700628,0.0952938817079233,0.06417772121850807,-0.01821581760298829
2024-08-26,0.003478386740761695,-0.0222854728371361,0.0008656081361536755,0.03659851795365397,0.02257353528216144,-0.01182129361157698,0.02209135043767882,0.003317069192309896,0.0137368945157588,0.01907399103852976,-0.001624061272311572
2024-09-23,0.02333775806133648,0.02285446581357918,-0.06365118954197643,-0.02937956539790135,0.01461487732264181,-0.001120487542163363,0.004989930111254981,0.01744462900126215,0.06089172815161454,-0.03765594318343168,0.06876742020056645
2024-10-21,-0.04746432519737038,-0.001395534032612656,0.01600479162420453,0.02327653111875913,-0.01028420967634519,0.004837437222639331,-0.03516287180438483,-0.01334323490481207,-0.008085919484935285,-0.04373494011311018,-0.0112841189387947
2024-11-18,-0.02339079128730868,0.04822690463565368,0.07119721763850934,0.06955201615729834,0.03205487418746705,-0.03232249323672139,-0.001788994094346403,-0.0197041239577614,0.004521764823212461,-0.05234994811254443,0.06573278511669431
2024-12-16,-0.1099340167507712,0.01957775884465448,-0.1872340286267704,-0.05045174297791536,-0.07576807921081523,0.02100208374169684,-0.02836459593392371,-0.08750641862097067,-0.08044574070356547,-0.05411354160171326,0.0725550294082459
2025-01-13,0.03625985843162313,-0.01434673636074952,0.1286185798879459,0.035381308838467,0.0284245095964844,-0.02640278719317911,-0.0391906863349312,0.01600424508382216,0.04136913209279284,0.01668475458510058,-0.004404342120490942
2025-02-10,0.002957737778634187,0.07664967967791562,-0.07465886287295569,0.01488611501052075,-0.02508697999170884,-0.005650009593546158,0.04305877013874968,0.01522493811668368,-0.005403178290452367,0.02772405562059762,-0.03493282464771625
2025-03-10,0.02538998492237626,-0.01599608364865099,0.0190566990110909,0.00957747445331332,0.02226432126849354,0.00955587864983401,0.01646565757031571,0.05684585961989533,0.01352644419825349,0.0378114913425118,-0.04969175912556822
2025-04-07,-0.02691823136880562,-0.009298073198168277,-0.1459061210209664,0.01268344806337436,0.0005862005248892729,0.003129994724744137,0.04104075095805201,-0.02399139216381544,-0.02387032401319418,-0.04658195444903723,0.04298417732315594
2025-05-05,0.00871704442331165,0.01806639443933358,0.01850986609451166,0.01941472834941928,0.04123142853650981,0.01286576603191084,-0.0176751978820094,0.03952138511847009,0.04580366197996538,-0.0717082255835722,0.004050238308314927
2025-06-02,-0.01146018291558109,0.01597585326994445,-0.02555024372094326,-0.03598524116874108,0.01440736876355553,0.002103963534490633,-0.01646431940130914,-0.04392851113386586,-0.005374710155030316,-0.01707461835615175,-0.02655009637267824
2025-06-30,0.01366126873301525,0.004200981947347693,0.03299222960578624,-0.003204462249561529,-0.008707500465012258,0.01150523503116574,-0.005763791796902555,-0.03038987017922672,0.002785726004766512,-0.009446588104338287,-0.008305925473759197
2025-07-28,-0.06341301683971651,-0.01549765788328339,-0.03272027449059707,-0.03984853149539878,0.007298828167075088,0.01399416146659684,-0.03260585854082841,-0.007556790317966551,0.06169165667325528,-0.0444523874330604,-0.0143019282884424
2025-08-25,0.04709277903211669,0.02250040265452719,0.04418824762519849,0.02063670836551665,-0.02409406561900103,-0.04691490795728816,-0.008641493831679115,0.001211171673954479,-0.03894014786176302,0.04186277568019753,0.04220196442689454
2025-09-22,-0.07640927090103458,0.05316660468767348,0.009321987779102987,-0.03580111038080104,-0.02458670837312458,0.02773716381928756,-0.05553752438939304,-0.0282737817974429,0.03745756272105942,-0.0319184589930378,0.00902808489384644
2025-10-20,-0.02162649275718897,-0.0597050237064254,-0.08632089035100426,-0.05042099957600883,-0.008156557494168971,0.02500550144110467,0.007466202631835046,0.006227903565273325,0.06179156627458791,0.09038181888860317,-0.04424902703510988
2025-11-17,-0.01138735658169149,-0.008882757092712718,0.02305571391004455,-0.004106416850438221,-0.019204356156476,-0.04261140659302864,-0.009637916006155878,-0.02893627443099511,-0.04784100460490751,0.09448465523016931,-0.01970791403687011
2025-12-15,0.03338019677857899,0.01426549096430216,-0.05025885637436893,0.03928030946808063,0.01427133813128047,0.006836348296547126,-0.00304274767052887,-0.05324139947630524,-0.06367566691382752,-0.01990956095668556,0.05844538167490447
2026-01-12,0.09439421837790275,-0.03237642989986603,0.1059282796101419,-0.02811726332196175,0.08405171664927538,-0.02205530649070299,0.06320781700269595,0.07012061139665134,0.02792568167500981,0.001597920198715718,-0.01291101053246704
2026-02-09,0.1547482238404665,0.01364797671420272,0.1910301458478856,-0.05962548184880426,0.07990925825958568,-0.02952223130357463,0.1355068292803939,0.06404818682217917,0.1042289721523612,0.02397490136163483,-0.04267295052571817
2026-03-09,-0.08633701013988324,0.03994844189684696,0.09393006543716632,-0.04369689344179123,-0.05079890198447388,0.03781085988606792,-0.06947630606036685,-0.009612625000019769,0.02008041180361879,-0.06375979872647321,-0.009572969346497665
2026-04-06,0.05838409785507288,-0.03974556861995342,-0.03892190274662396,0.02549870286053057,0.02852012923771832,0.001470123322619352,-0.05190917372631294,0.003600903233758727,-0.002700824085874022,-0.03950222896965679,-0.01444551843870587
2026-05-04,-0.110970858449506,-0.07428337889984227,-0.09334205192823129,-0.1040570532664159,-0.09481941543010386,0.1316426329145751,-0.01239630193916913,-0.03044946077052734,-0.1078910272011718,-0.09437296467532572,-0.05105364894875715
2026-06-01,-0.02831726677154117,-0.07134469821375565,0.04236672937401777,0.03209160153085681,0.006852646317562465,0.04434060016473495,-0.01549335359529473,0.01398074043342094,-0.0173715697804292,0.09906342143600146,-0.06407168465510252
2026-06-29,0.03506886651358928,-0.04221358957821589,-0.137689545771103,0.08596282425621915,0.07259250158410954,-0.02409961640608141,0.03230691738079845,0.002808814702189305,0.05222893838555624,0.105473125736578,0.01819883647556802
2026-07-27,-0.05286769967524676,-0.02313155186604705,0.1688821476092284,0.03322972796990743,-0.04290550699880597,-0.05408414056074996,-0.002096691513549111,0.01424357089058476,-0.05636146714233858,-0.01681018308588156,-0.01256011153739694
2026-08-24,0.05094620180863758,0.02864715311981779,0.05452002036324188,-0.01187816945639205,-0.06818401261230803,0.0224940538056005,-0.01078357186269011,-0.05281645185061353,-0.07614538466904026,0.06343597152936742,-0.0358141987706348
