date,VST,VIST,AEP,ETR,DIS,CMG,AMZN,FIX,STX,VLO,CF,NTR,LNN,WDC,ASND,DOCN,CME,NET,MRNA,AXON,NFLX,CMCSA,MU,NEM,PGR,ORKA,UPST,PG,F,HPE,BA,HII,AMD,LLY,WELL,NOK,MSFT,GOOGL,COST,HD,KO,JNJ,BRK-B,SPY,XLC,XLY,XLP,XLE,XLF,XLV,XLI,XLB,XLRE,XLK,XLU,MXN/USD,SGD/USD,CAD/USD,DKK/USD,EUR/USD,AUD/USD
2020-08-03,0.0008636399587087389,0.04547012396715911,0.02008011109077768,0.03496850389656824,0.04622502822318214,0.02961134809930179,-0.005557055626657681,0.1625659034574483,-0.02428872014372168,-0.0005671074957684912,0.08914410267786113,0.06022097008099118,0.04691507305139027,-0.0730602441709892,0.03460067963600678,,0.008358916429911043,-0.0002713816785651158,0.09160840851832537,-0.07286847025495066,-0.0563243466932694,0.03002459084521009,-0.02132427278327765,0.05850463555242059,0.06329012882142897,0.02341461697445835,,0.04424240085791539,0.063840751269027,0.04667169362846812,-0.02628049476052439,0.002791977294937035,0.2270920741333508,-0.0358713823077703,0.06700639629399317,0.1030729312735634,-0.0030364888490693,-0.01455037014236584,0.02509973672811982,0.04489700344678123,0.03101006200857709,0.02328582715708916,0.07377406387025545,0.02831847962664737,0.02061709709076616,0.02809607559733415,0.02828934452845503,0.02452742732595552,0.03107704559824438,0.02993310898055952,0.05413380555921301,0.03380483604576896,0.02281602053123322,0.02775231927796691,0.03392971455832668,0.001480027489528999,0.007242081883173599,0.008238012139671336,0.02287903548757084,0.02308896658480262,0.01550450921071586
2020-08-31,-0.01990266308281401,-0.1795661886704119,-0.05030014309251768,-0.03182609783921971,0.008674018311528472,0.05890863054924436,0.02170438006177649,-0.01095844253449871,0.02031041359054101,-0.01528870247615093,0.005583926609959534,0.03317375834538046,-0.0181671462322291,0.01717126688553448,-0.02168908668285858,,0.00812186912938929,-0.0780940699704676,-0.09299723457536647,-0.008012371505368644,0.02326526459243836,0.02048163969241197,-0.02629349165784762,-0.02924952628573797,0.01327050247472879,-0.2452410108490522,,0.01791434613360526,0.003205856223480963,-0.02802543399146589,0.003330485289940214,-0.06769047733554213,-0.01877243033198469,-0.004650567958407435,0.04270322025709294,-0.05834401218930971,0.005905613730940887,0.02967334918379963,0.00908002376258578,-0.001133865250975122,0.03616433466985754,0.003621007379606304,0.0227922341042246,0.01303005760818339,0.0167645495303562,0.02600907405363609,0.01734952097540841,-0.03537034702663532,0.009899987752427945,-0.003691666385510236,0.01953984754301897,0.02387023616077207,-0.003789916012072048,0.02083590443975781,-0.01934702619956026,0.02071319543974672,0.003353596012976357,0.01333382474032676,0.003075662167644975,0.002273005469162331,0.00786366528604772
2020-09-28,-0.003396016837091331,-0.0203385908724596,0.04255544167555077,0.03191815642813982,-0.04150028445910081,-0.0256663159995483,-0.02956004410645177,0.01388915209654417,0.02779946658684224,-0.1281606620629309,-0.04581846665461245,0.02055940974867513,-0.01125008118714322,-0.03320847571553585,0.0685117525185506,,-0.0008842585086054197,0.1023117347124613,0.05289600101340463,0.05705948043573738,-0.01425764005562919,0.008990050112764329,0.0008415709812948351,-0.02468982596997547,0.007590430130694114,0.01747798965235166,,0.0006482701984078287,-0.0008110338585430721,-0.002960301082209886,-0.009795748363671385,-0.01296349902134246,-0.001433881694328403,-0.02153260832015209,-0.02988155495710267,-0.08912918116784917,-0.02144451199304402,-0.04629029047852116,0.01345607297419764,0.01966363169491231,-0.01420884436878932,-0.00891541892162533,-0.01859567945860804,-0.01220239805052701,-0.02399886192324416,0.005393148738664671,-0.009104310622036888,-0.08801482003856996,-0.01926485486952034,-0.005988413432911959,0.0005144776256461307,-0.007355152370842565,0.006126336839654932,-0.01402493947136391,0.01708712572961386,-0.001743553867449897,0.0003198802485877271,-0.01039252671794941,-0.005988091684954002,-0.005759578949391446,-0.005652309649731595
2020-10-26,-0.01989218761549691,-0.1133001335403878,0.02998022190474314,-0.01345571124581377,-0.006048838632150407,-0.02462860973336552,-0.01636008038174879,-0.07840967391687469,-0.01080844621184224,-0.03031833532084405,-0.05776309619515933,0.02903426074122416,0.04400079834527228,0.02725250489884557,0.01663043091416444,,-0.06321501932630062,0.1241961868069032,-0.01115436052332694,0.04380071543905191,-0.03167076045886153,-0.03493300194529183,0.04439568676887764,0.0049859476485362,-0.01348938049615983,-0.09475154356832824,,-0.001063609923377794,0.06524827521119742,-0.04902386501577791,-0.08616882056694868,0.01303218054424308,-0.04703710359795435,-0.06075436287429004,-0.042364713090557,-0.07109041698577406,-0.01032650560993851,0.05933017600731395,0.005243599001518286,-0.02618156135852306,-0.01513842940621997,-0.03656434607803413,-0.02548860299660062,-0.01254009497058587,0.001342843229507862,-0.02064571760328773,-0.01651950654063142,-0.01153386580465201,-0.01036408131600103,-0.0137795559202562,-0.01286113544127852,-0.001076190056147848,-0.03665754433789933,-0.02049950009996783,0.01557825849698533,0.00725269220620366,-0.00124277991868863,-0.0003536200409209892,-0.002058934133400022,-0.001871748449645441,-0.01158923094825585
2020-11-23,0.06918721688786338,0.1755168817836262,-0.02827321479394722,0.0607224970039798,0.1112879306403662,0.04434747037044778,0.02939685284792332,0.06790920334767646,0.1157626176381967,0.2304493989480726,0.2010319106813426,0.1118369053120332,0.04583772069939201,0.1121264424894723,0.004105514651781938,,0.08516324991392568,0.2091682163196657,0.3639801543212713,0.1372503168086834,0.01858359591574313,0.1168074916974609,0.1401701591097829,-0.04136405022434408,-0.02214115473357836,0.06090678614239509,,0.006301042236331671,0.09322766870518928,0.1503086850523864,0.2330156687309884,0.06678235468185544,0.08441268453969673,0.07333197140109944,0.1113795416063468,0.1169844495386307,0.03666028529288758,0.0578279734508083,0.04748007906347,0.01967475100758063,0.05301746315954788,0.03218752024938254,0.07882189358248144,0.06195054329816513,0.05931427035022048,0.0583017912263795,0.04152025108818141,0.1746774694628706,0.1016152359390461,0.04242003983281941,0.09065300388614027,0.07285032845897457,0.04330334190422772,0.05818499905970048,0.01258716896908438,0.03667428242832235,0.01208067431995035,0.01409519875031064,0.01414047029982578,0.01388837282978861,0.02561042334271968
2020-12-21,-0.0224560880001616,-0.0220181922839603,-0.02455511511623238,-0.09133891789065132,0.09695472426039713,0.04944366448868906,-0.004150183012760546,0.02367990884791734,0.04901189593773141,-0.009767141258886442,-0.03026583652522481,-0.0254615995277643,0.06585898788179952,0.04961712910960554,0.02233328165512151,,0.02310963133783002,0.07475430942076725,-0.01696165604925253,0.023676605510634,0.02624642077175984,-0.01565295942062873,0.05500188733663317,0.02352270747675478,0.06179180024064978,-0.004103752972012602,,-0.003758058152883026,-0.01495194459634611,0.03324840610959981,0.001748942854955575,0.003076941348528219,0.03012245123315397,0.07148812886122134,-0.00929389031752835,-0.03492785574019376,0.02003596655511524,-0.01751774906006,-0.02182383000953196,-0.007644567695594459,0.01269179391054826,0.03334473301316937,-0.0127874957138327,0.0109700696364457,0.006504544359698414,-0.0001746919905165339,0.003117929201309323,-0.004216171166359945,0.01287538975328413,0.0131229985997172,-0.003002556395686719,0.001849114977224569,-0.00709092853823584,0.03103008944076655,-0.01890264472673936,0.004682606961602618,0.004114100190009753,0.005503909670960467,0.01156588213168753,0.01542731728134249,0.01940116415377316
2021-01-18,0.07782274621302004,0.02233082381740396,0.004777151846832895,-0.008626113240626296,-0.003244356257592563,0.03324206309019371,0.02188402973387777,0.05261567187678663,-0.02839906992062698,0.03876473287828357,0.09744620385293,0.06963847912907856,0.09668892792136446,0.009290451845381568,-0.03669831857117922,,0.01815132298592112,-0.01060832002956945,0.03550171537449132,0.1562310767083711,0.05618840770880212,-0.01761028922962277,0.09075514422241517,0.01229621459986774,-0.009047666659452572,0.05449308270694011,0.2265720830024469,-0.03057559086169509,0.1553427132879027,0.01881703444506578,-0.03164932087643772,0.00795958657974472,0.006282440666161753,0.1257943178296625,-0.004206702540175077,0.0453683973614545,0.00843985982374538,0.05171845103954335,-0.003712101092020884,0.02789876967669349,-0.05751413321720596,0.04150802376844193,0.0164595900162729,0.02184829479071738,0.02260219781998064,0.04411172774619889,-0.01481671189273621,0.05833875482528476,0.02774858023729476,0.03162520514861385,0.00341913293933001,0.02270407258928386,0.01480707509535419,0.01703652105391889,0.01555057238707609,-0.002692174541590777,0.0007845289642801471,0.00955603501065134,-0.001274587277493546,-0.00527332524884135,0.01187611322010205
2021-02-15,0.04260100672897985,0.073145707226955,-0.01683525178487056,0.0009010445978642373,0.03661347765814434,-0.008530588450170667,-0.00776581207899638,0.02046047900308417,0.1188377922845414,0.1201815482924968,0.03596155229801873,0.04178178707265837,0.06123943834103763,0.1837754114818154,-0.007895656710061741,,0.03492885309203357,-0.009419754827122684,0.1727974647940898,0.02329762071346014,-0.02709443757930061,0.04074467843146981,0.06018473468416018,-0.05151777490136474,-0.03513869632831078,0.01147937054346517,0.198395213134483,-0.01344394469546945,0.0031172935031451,0.09109116499621842,0.03298239654857529,0.04974913044912026,-0.02112748931537379,-0.01289080881174713,0.05399075341501321,-0.01886794407516307,0.04000198411719257,0.05920811169729253,-0.01142009174765581,-0.009284082086112902,0.01972109078665217,-0.00209534468526257,0.02257726475360069,0.01110305390577715,0.03092022344361993,-0.001695755009461318,-0.001199974190143558,0.05593615041214366,0.0396063040538748,-0.01645175977073821,0.01651736003835957,0.005381485142572733,0.02034974000176211,0.01437384757619431,-0.01381375919415761,-0.01374445652207649,0.001195505641642002,0.002554604119259905,-0.002396034552740164,-0.002825414698038138,0.008520340545691849
2021-03-15,-0.1660098073142182,-0.04556410167818736,0.03433851293746169,0.03342181531829252,0.02432914919272108,-0.02182542530849278,-0.03367621817750689,0.1167234577932222,0.01227396859130414,0.01818909499379925,0.03123766949198103,0.005255603418444115,0.0008077123508829597,0.01483862286728769,-0.05651231797890614,,0.02579625593214776,-0.08303916647252584,-0.1188588097471329,-0.1224183594371288,-0.03243954290878761,0.0380368480736481,-0.003018448250165783,0.05994271607651969,0.02653741240709794,-0.07780166684653986,0.2031237567214918,0.004246217554676282,0.06238735531546431,0.05257256688383265,0.098847548645172,0.05226880408364559,-0.07603161859254595,-0.05258235642970654,0.02038958103430025,-0.007523182244914535,-0.02743184817169606,-0.01829344381915898,-0.04606348092651839,0.02405038999608685,0.01348798991623037,-0.007295656269680838,0.0225769161850075,0.001131317526673952,0.02411899368994043,-0.01148207014926759,0.01334807824179301,0.04262264250554811,0.03307438768731539,0.003500780546673805,0.03566043030836123,0.02346468917413592,0.008725443653642894,-0.02956049013321341,0.007779521540691032,-0.00211007349707745,-0.008083066006287876,0.004796734950240845,-0.01086314410819187,-0.008537028216518036,-0.009215860332518708
2021-04-12,0.01758689970552787,-0.05232216272274331,0.0349904647347615,0.04938776626208308,-0.01265892083050816,0.04756283570799979,0.06192272907619917,0.06154461887004484,0.06412808549448752,-0.01013303456914478,-0.01111944023662611,-0.005425443308293621,-0.004593487911487841,-0.01495974114840743,-0.1047294178733137,,0.01480620852835131,0.02157430066851381,0.1065054306522337,0.03316475996203574,0.04007950961499333,-0.001085328007337366,0.001022229935528686,0.03374578054145081,0.05155789083602314,-0.1347910886393865,-0.1110633331944986,0.04302032393821268,-0.0295630386520108,0.02648914242969677,-0.01871520652245871,0.03290217963622543,0.02366562380263193,0.0163933753804297,0.04192289636558099,0.0240912186538003,0.07649304124610631,0.07335739991295878,0.07386301431098581,0.0780738226251027,0.03391682033470575,0.008427552197077092,0.04987037542951118,0.04252728378674808,0.01268503470198645,0.04884176668451631,0.03442706227873372,-0.007730949946540735,0.02365575771658643,0.03559958293464009,0.03107681980457968,0.03841899683862546,0.04871921873308028,0.06332849904194351,0.05240931808145257,0.0177546302436805,0.003599196624212339,0.0003947955918721819,0.004025199570831041,0.001666390532855837,-0.001410742079728851
2021-05-10,-0.05204597640098155,0.04415356188975036,-0.007505117667487136,0.008636563676753731,-0.04705712497294518,-0.07754077706173067,-0.03338528854658274,0.01602649758283249,0.115540336878878,0.07888803242045457,0.09024420420296084,0.04857660564836416,0.007863566008931214,0.02651073360358625,0.05042838619713167,-0.116850157620797,0.0277543392690672,-0.01657641221336919,-0.03555185626952982,-0.08776490730816254,-0.06407230687164592,0.03929408235645785,-0.08066127523287847,0.04912890850759728,0.05075193742699108,-0.02470221691975496,-0.007764833603815891,0.007449442881111463,-0.02028839535048971,0.01205054673854849,-0.05180305216236238,0.02405421195857618,-0.06043661941553599,0.02537007314784335,-0.01563675944468663,0.09949011233749572,-0.03098199200411916,-0.001199570131911857,0.02405712464532063,-0.008549390750019543,0.01212701358050321,0.03005837072403556,0.04132798145058406,-0.001021132115233541,0.002033521082615966,-0.03261112495287622,0.00978754293609135,0.06259929866494242,0.04238905989184605,0.01007064571217674,0.02183567380894769,0.03854899094016605,0.008262052016206112,-0.03282397728001941,-0.01222747877632757,0.00160246911255096,0.001066344311560544,0.02037428766790043,0.008470350201419745,0.008504583637151786,-0.0007932786680828402
2021-06-07,0.08172107700248234,0.1911298765561055,-0.01480762101409909,0.01034118190776542,0.01331077810753146,0.004938465203773276,0.02395656205815953,0.007990233134032094,-0.007824763437409498,0.0006250943863562612,-0.006341015851993471,0.04415385209191299,-0.004402779542208046,0.02520066042590564,-0.009338860608510054,0.0669458587400778,-0.004815202823064236,0.1666458708137758,0.1934100470800195,0.1082535351347845,-0.005947496745345783,-0.01978075461358859,-0.002874248706637056,0.0007788475334369488,-0.08554340272514346,0.0828121062819265,0.1232539950817599,-0.01465946374360289,0.1619414346236464,-0.01461442051102477,0.05023197634258147,0.01732331293290543,0.05476918959009913,0.08435607120225774,0.0536817574033967,0.065208113368099,0.02590828943604386,0.04095758412840785,-0.004292167872042923,-0.02242353801592714,0.01637602205283616,-0.01598007954202475,-0.008487582451621558,0.01167345671605396,0.02201590362835218,0.009119247214671652,0.0002685050085295477,0.02204641704521068,-0.005386239857253805,0.005632324247237525,-0.00743950154546708,-0.01306126805099688,0.05073826040933894,0.02736978788768983,0.001923700784346707,5.753736532317993e-05,0.003327440555525488,-0.00188563891680795,-0.001977660819675103,-0.001926544476177618,0.001788616602000672
2021-07-05,0.02869173941031984,0.01184655786017108,0.004768758343363635,-0.03660430128447217,-0.001235569593341932,0.0983121634648215,0.06795530062277429,-0.04807407588452441,-0.06146618410784114,-0.07546755974709901,-0.03872385392812668,-0.03269099788000369,-0.01029055370925756,-0.04097283896838302,-0.02110601284734155,0.2113273057617878,-0.014698856138761,0.09515821481423886,0.03981794367503853,0.08008329787554884,0.05937322411058183,0.01565044311208855,-0.004888143169648486,-0.06075042236073511,0.04085308663814942,0,-0.02888261618871654,0.01027890835753495,-0.03462801040630268,-0.05046881914963637,-0.02034307226796545,-0.04457213844608306,0.0717921431322125,0.03058348343712495,0.05236182652760479,0.004726068693211041,0.04821210809039863,0.02089958471603495,0.04954741876548537,0.02303837615571678,-0.01495937242721011,0.01843147267508218,-0.01437041881033775,0.01889442870614488,0.01575467838951349,0.03456151065009692,-0.003042065418529307,-0.02356291200744206,-0.0121944628090244,0.02366388350735529,0.001908601846005498,-0.02112745910990815,0.01077952429036183,0.04173864135648458,-0.009896604913160016,-0.0001199536495369592,-0.01257921097064151,-0.01605080469789786,-0.01247096138935164,-0.01242414844567634,-0.01717264477316706
2021-08-02,-0.02620919941902503,0.1221793936428218,0.02953197847892194,0.0198114668976097,0.000332042895798925,0.1109695161371766,-0.0692891355634604,-0.01406331213277345,0.03039108127111673,-0.04527051185830211,-0.06032617394547975,-0.01850423724826508,0.03445108814032612,-0.01325638022804404,-0.01213201072334586,-0.04033157770353859,0.0006849244003435378,0.05651483362805514,0.3754938106918118,0.05038579560737661,-0.01907676841195054,0.007385677420263688,0.02649392880566739,-0.04390631902437133,-0.01800990331318723,-0.1099052493644962,0.06288714679391068,0.0246422875006051,-0.03141257792640171,0.0128621951397086,-0.0229122220395277,-0.002029904085470834,0.1252065745331216,0.07463449312484084,-0.009513906848050686,0.07119134402286106,0.02652264536535606,0.05112040894078847,0.04302768844818294,0.01552783288036257,0.02563243367415093,0.01280058593827945,0.01185926673956762,0.01036907381348137,0.009371646377235523,-0.005318133775552166,0.007313547483651761,-0.04263460267595159,0.0201448010886201,0.02111770929896986,0.0003154686333598398,0.009066258625993641,0.01156158233456748,0.01562029681345274,0.02819461929771239,-0.005523778772240232,-0.001661190579221461,-0.005163773177902954,-0.00640381624816619,-0.0063085500921177,-0.01675611449340414
2021-08-30,0.01934253311435055,-0.01446220378423353,0.01339456325272975,0.04502541390152724,0.01431518986140875,0.0114337909759169,0.02584665495592239,0.002758276108072919,-0.01328567693931509,-0.01817509917085664,-0.006923605128032107,0.01822567057134695,-0.03168592976214479,-0.074877672510126,0.1986314576522195,0.2038407665057099,-0.04756187283600056,0.06179903125382658,0.00475373587538143,-0.0270252664410219,0.08354434541711937,0.03334173312263766,-0.06969528535318296,-0.001662837658659632,-0.004732208175432495,-0.002133161416926656,0.4151404612727127,0.01225149111911888,-0.04518292104527887,0.02662821951997665,-0.03879391143754942,-0.004138910631404544,-0.001143906476473175,-0.007769003526309286,0.01686489197858319,-0.006546951293582242,0.02746769491360358,0.03793406044077462,0.03366114798395357,0.004362324665248152,0.001051439465009625,0.0112677432951416,-0.008729888464715507,0.01566474821245026,0.02086095835993971,0.009121343000949002,0.01741529374653123,-0.0120146532650358,0.003663732907747036,0.01919975444780671,0.006682927235070603,0.009612292475883582,0.0277577048833315,0.01897228401003008,0.01973528373132929,0.003627583996552894,0.006557308385320597,0.001067399828971591,0.00670630870975323,0.006760971071727129,0.004157559757056281
2021-09-27,-0.0789254563511994,0.124201850155472,-0.0706849183965917,-0.0837239103081873,-0.01877952601370697,-0.03276770917492498,-0.03871616351738866,-0.0214234339744137,-0.0400114255665381,0.08675988814707655,0.1995048421518086,0.06794485499877344,-0.0326966686302469,-0.04899967093940995,-0.01938358797088005,0.0662154830251835,0.007550202173278141,-0.0847444305991701,-0.1344974715335054,-0.02261167589790834,0.0252504060049857,-0.0509718942162988,-0.02522966240465602,-0.06619733954246895,-0.03798143744599752,-0.02877776950674119,0.1270357605019266,-0.02117519331457693,0.06312358455752541,-0.03287472385322333,0.02368611575242758,-0.03040160224182554,-0.04727624036240922,-0.08234101250507331,-0.0228401026912553,-0.06781662268825986,-0.02740914069766091,-0.03450299431850003,-0.02097536099647302,-0.0009769629088975116,-0.04038209109611336,-0.05837974019764663,-0.01489091311775596,-0.02638120365558497,-0.03113142944317584,-0.00902658433870003,-0.03192051646732923,0.07661789022008955,0.004312032609890328,-0.04607245462614854,-0.03351152697054768,-0.03761225328326498,-0.05078580629336744,-0.0324861741798636,-0.05147812432022663,-0.01718217160652247,-0.007527813393298016,-0.00417585544968108,-0.01642623335313551,-0.01645653802161478,-0.01543891482082235
2021-10-25,0.1026483018680797,0.1073383002767367,0.02732254716925834,0.02457585627545055,-0.02740658932846082,-0.0187233098257409,0.01825627080306899,0.1438434675566476,0.03661003923305517,0.03349544914302149,-0.05016299486611638,0.02693528295539088,-0.04396310866785118,-0.05983311528978582,-0.04620951181751311,0.1263526275188557,0.07835069840577193,0.3589043309035699,0.008179885476508164,0.004520027016040705,0.08075359247353217,-0.06955533789346904,-0.0183841219141522,0.005574003487425598,0.02964219045170541,-0.05491439661772734,0.05109764208918288,0.02065436644270401,0.1277322404025064,0.001396471868055591,-0.05972920320833037,0.02935622772212085,0.1090273550584834,0.07087210281209354,-0.02862445485534139,0.02691249853369708,0.09348421399070057,0.05510476123246142,0.0637888674570255,0.08143180946290933,0.04174093839430372,0.01015571105239956,0.027365568693469,0.03815003300771744,-0.009771155426902685,0.07266569132566982,0.02166398220517635,0.0444515245028879,0.03667548643462682,0.03386930201581944,0.03553254395275289,0.03912026916695006,0.0424701738168096,0.04335933929436261,0.03157211634597037,-0.003458250240796612,0.004026491241183909,0.01181641420163707,-0.002147364167885166,-0.002090513903755743,0.02773191158136221
2021-11-22,0.01981748496001689,-0.1574397930636396,-0.01139342645351998,0.007269619568856986,-0.0914538591822958,-0.03675050885095945,0.02655450944658861,0.05059510586918669,0.07037509786261026,-0.07999465166725563,0.07264197360209017,-0.02239970141312476,0.02499138008020346,0.06874440788714739,-0.03644731514098585,0.01830556977616075,0.005025672943882327,0.01890086109361648,-0.03190992798802374,-0.01067920260789582,-0.02514519103850809,-0.00444784044248266,0.1301306018648263,0.02438778864609731,-0.002115084978427579,-0.0335859237313676,-0.2973761947639004,0.02131616865486745,0.1038293049134133,-0.01045475808458858,-0.02660477897735787,-0.06540543744355906,0.174668909149621,0.01729018958382986,0.01788532417869229,-0.01599809742745619,-0.002791091457341166,-0.02792034793522894,0.07276735525411701,0.055274603396144,-0.03314232213944404,-0.01127917090396327,-0.009502234296475016,-0.0004212303757817123,-0.02738232799804828,0.009958230084711852,0.006851248009296152,-0.02310543524418718,-0.0260570148218313,-0.009618996647913068,-0.008516548573909984,0.01031302958919874,-0.0002889720038114664,0.01881942333248817,-0.001550555179912014,-0.03888842031743772,-0.01122170444517042,-0.01864624770939813,-0.01596206675813654,-0.01621641356471759,-0.0366221335243278
2021-12-20,0.06724100898502225,0.002753517466317547,0.03291603456666346,0.04603766238849735,0.02564256386537122,0.02521011508127339,-0.0168352434282099,0.003910175255683702,0.09019848221965392,0.03731879128577183,0.09871687329019667,0.07187377347452123,0.005234107725331087,0.04054003664273275,-0.02227682536884666,-0.1468912330161834,0.02385186799014133,-0.2641673853094381,-0.1937978519647431,-0.06919117278125056,-0.0564873313490008,-0.01482960524293252,0.08680086776300838,0.05045691925765612,0.05795943012911921,-0.04147779309265054,-0.2425619189331675,0.05758501672901162,0.01751992890484592,0.0672023125404244,0.01740591442478369,-0.004064787487176413,-0.0403878113185375,0.03345068470864395,0.007403253587797535,0.07648013410761517,0.01056921832093227,0.02294977897021342,0.005419769564483642,-0.006973997200895018,0.06165547007064715,0.03874537140905238,0.02766650845237341,0.01999339476898179,0.009833723173718603,-0.001979809528515716,0.03611590409573907,0.0003888933668649894,0.004252323979538032,0.04056825319447178,0.007442927131864752,0.01886509428809286,0.03638660849828435,0.03006803948539273,0.03588821409183004,0.0373115061543964,0.005850455563218829,-0.004676433781937749,0.001745374958789906,0.003005844955676557,0.008812774177731582
2022-01-17,-0.01007224546812597,0.07780233493419293,0.02778963266182851,-0.004338619279171172,-0.0794558712883588,-0.1691030861186895,-0.1291513324111116,-0.08078647266309953,-0.1094301307888473,0.07121623146273691,-0.06479609009323019,-0.03635066890693446,-0.1081784783455307,-0.04050067801377686,-0.1811768041887283,-0.3093892668086917,0.0006296033302582399,-0.3115671681114359,-0.3168458648972338,-0.1339669655259578,-0.3091252391882614,-0.0007641556049299776,-0.1000848926743447,0.04128005713350295,0.04669154903234459,-0.1761420912784763,-0.3330246121951752,0.01492679208238762,0.01390205533237859,0.01693312613050901,0.004233178052042956,0.03385660527341305,-0.1471471227829168,-0.082819945509982,0.03940640424593378,-0.0827066803440809,-0.0872366122329025,-0.08502318295745794,-0.09485012868816228,-0.09150827823087454,0.02671433337854944,-0.01442316620141462,0.02543511950188898,-0.05105469419762307,-0.0557213582846608,-0.08447220730599152,0.006674149217325457,0.0915783630101179,-0.01144256332498402,-0.0520110366691155,-0.01885022940000867,-0.03522366511400942,-0.04450341165951011,-0.08091644139348113,-0.009027995607288546,0.004981429472806867,0.007515092647476748,0.01360028977285697,0.0007902495502651879,0.0002095815778258997,-0.001584696783224887
2022-02-14,-0.009016401428675951,0.1389804854477839,-0.02870390708558784,-0.02577404531182436,0.06985417345238835,0.07205860157145197,0.04864389542803785,0,0.09277105951842164,0.07277325477254849,0.07814562319714378,0.04879379209096205,0.008193837991434912,-0.02900425099092838,0.026350082411934,-0.006887223854033398,0.0333870136776576,0.05725097591703051,-0.06760274891567745,-0.02476200344586395,-0.0113498382708175,-0.04623979189195413,0.0740949891281671,0.05051483737088502,-0.01082435990548405,-0.007547919804592784,0.2438755797348484,-0.01215823973460428,-0.09370224286931561,0.05127751726494472,0.0124871520698498,-0.01914963803523384,-0.03086473609738484,-0.005198975261522386,-0.03935679389259514,0.01936015566456471,-0.01850899700667257,0.0002847012151372887,0.04614080918629864,-0.00461909551374721,0.02450024825240408,-0.002019699815621449,0.02227642062562385,-0.006198198207758077,-0.04968088920961285,-0.00167970259146146,0.0006639940077847549,0.06190072195719557,0.01899414339379855,-0.01099558624918546,-0.02066412491356106,-0.001545352403910795,-0.03479965439550826,-0.008881957243131055,-0.02796908886347356,0.006373347311867537,-0.0007234748433480254,-0.01063545067056841,-0.0009704665840241626,-0.001356185347719164,-0.00277780054599758
2022-03-14,0.03200710444400005,0.100789163272092,0.06803818400180663,0.03299450731750158,-0.05547041062560243,0.03027493475241088,0.04030192483432343,0.03435205479566586,-0.1033306214841658,0.03062460976244141,0.1917927864819025,0.200182080752064,0.09413646305345987,-0.0869940269877494,0.03473786237684314,0.08660373116593892,0.04233059731666797,0.09944535616705268,0.1499889905143237,0.03564887752584627,-0.02024999229068088,0.00421975236585284,-0.09798556995802005,0.0701755371870509,0.0323201674326604,0.1976959230270785,-0.02620969596623457,-0.04599307365685783,-0.0494534679357273,-0.006958251225359686,-0.05897260288158995,0.03388078741012236,-0.002380124760967745,0.1314276273150408,0.08315193441806139,-0.04391571059953785,0.03106764166419444,0.03139660995587957,0.06631482696750501,-0.008636314542817415,-0.02351849552057066,0.04964878510506043,0.06146005069580452,0.01938911943425534,0.008839242695929651,0.007595708272047103,-0.01790972290534617,0.06009154047705434,-0.004112215977873307,0.05242555656905344,0.03270957071310488,0.01927078069266258,0.04057562986703422,0.01250484715426966,0.04899288945819663,-0.002468822115293744,-0.005434132705483034,0.008532903398151192,-0.01801933696127046,-0.01693812224173879,0.01923454578484731
2022-04-11,0.05739410820120451,0.09560234612656333,0.06029692922916974,0.09373482732281906,-0.05385707341712322,0.007175215214656244,-0.04523541127823441,-0.03082530495391968,-0.1036111927475008,0.1097683232749674,0.09595190430393669,0.09014491865263191,-0.01365143921370339,-0.04590805159909015,-0.02955924281637592,-0.07934047544029592,-0.03634378399585591,0.02743149835788061,-0.05789337698016161,-0.06709033477097352,-0.0811753109257871,0.01468745419755152,-0.09112756683199816,0.1011433455908482,0.006558625664827275,-0.04606608681451233,-0.3098685789514333,0.04045356733966587,-0.06331419781532083,-0.0759927859431134,-0.04310058015368192,0.1033782894157665,-0.1469550248298516,0.0357762999662711,0.03041787932812298,-0.03125244477121702,-0.05266533713113603,-0.05302552498478803,0.03739672229414153,-0.08332370016669886,0.0583391180996892,0.02115272065709128,0.004145758148109308,-0.01131105065532038,-0.01738246195897659,-0.01318521030739168,0.048427544732857,0.06467296511686178,-0.03834370708405083,0.01118608752169972,-0.01874544920048991,0.02784765757154802,0.02787212785665331,-0.04007408260293747,0.05825861997203753,0.01565023286897406,-0.0007652872680825948,-0.0002352963469275719,-0.01560080059103796,-0.01678956066354008,0.002922572270818781
2022-05-09,0.01701671692061553,-0.04558694687214541,-0.0116110514672818,-0.03732441359226503,-0.1468076402880782,-0.1471234683806259,-0.2211293911468735,-0.03766534726101304,-0.006493655194981116,0.1364183273065037,-0.02918540270965907,-0.0931552579923973,-0.1087399236444301,0.1745780738486417,-0.2299278648319152,-0.2495934678038078,-0.1293538919207673,-0.4065264758888965,-0.137088221988539,-0.1705140778605813,-0.4494713711696071,-0.1031688576482232,0.01895210685308651,-0.19679781676475,-0.02933906586324062,-0.009702751647757463,-0.5813571965823598,-0.0196408973878096,-0.097925397872552,0.02736419506161999,-0.2691363958691487,-0.06666027020724194,0.01646391402936442,-0.0233957190941949,-0.06250860625172439,-0.03149099714735004,-0.05203697642802334,-0.0661970487388361,-0.127850682414184,-0.02126203863805687,0.008052267883716902,-0.01285766759288207,-0.07810358479882244,-0.0646559649315575,-0.08962844651807811,-0.1188422911556314,-0.01824584437599837,0.008707171331108493,-0.07181138032166913,-0.05652711385741838,-0.05331029682788105,-0.05762492330650758,-0.09295593125915677,-0.05741606744903503,-0.04752251931024281,-0.006464073233982126,-0.01735171348932531,-0.006767409482261952,-0.02865837914502599,-0.02864701537932478,-0.05670419375877521
2022-06-06,0.02622672793146346,0.01777779996488862,-0.01101879465408227,-0.008113859419992282,-0.05853656869194657,-0.0007177187638559213,-0.02332194730789348,0.04489947042444762,-0.0009456373118658938,0.09103347723810512,-0.1288036039681762,-0.1029037711286412,-0.01838334900746757,-0.05996728256836616,-0.00312595109347139,0.08847871108254414,0.003068413082233243,-0.2574774899950962,-0.06213131289401817,-0.01339424216346829,-0.01934561336516255,0.002752722099238672,-0.1056010633334246,0.024681929448499,0.03955616089013533,0.01309269180414827,-0.01290913721496112,-0.06025322253570839,-0.04359066698269378,-0.08076132540278831,-0.00120002942137109,0.03450097086789046,-0.002409093028875501,0.01394068990623257,-0.05110584147879508,-0.02866165797685398,-0.02234785062432177,-0.03282463968128518,-0.05394596755126506,-0.01289511466829223,-0.05172974362369644,-0.01388712008958699,-0.04726227959521125,-0.02297157140193631,-0.03031935842836208,-0.04035223181451405,-0.05155483050696215,0.07141519114686586,-0.02309090726766489,-0.01866983781727471,-0.01874144053711784,-0.007618627589381107,-0.03476144620884659,-0.02725696348797758,-0.0009617361991234099,0.005007173986047986,0.0009230785870098379,-0.00026367389569538,0.007893682142346028,0.007942263608950657,0.03528243279577872
2022-07-04,-0.1034303798740692,-0.1775088529543923,-0.03148895593376738,-0.03997881982835525,-0.02804821732007987,0.01295188261250397,0.04046991307338822,-0.02816732269105972,-0.04953587851314011,-0.2105117109579628,-0.01531656967952462,-0.0926947764646214,0.0666535318617677,-0.1373334968467641,0.09509731372038698,0.06714781803963017,0.03406196325913689,0.07348090910889088,0.252656738571794,0.002720038865940048,0.01689495943037127,-0.02646609024968345,-0.042711370996885,-0.09191047159155671,0.04577018361489267,0.05094570555596638,-0.2513041310480984,0.01654968407038944,-0.07177940874262505,-0.0587004469316342,0.07022259113329168,0.01334713549902513,-0.1377621991531415,0.08256685865021197,0.0003766824724897509,-0.008272308962239247,0.04359796170880948,0.05499718338160012,0.06132518299196536,-0.007442751922137106,0.02705624920689919,0.02526753883854253,-0.02939968111433978,0.001088692262822999,0.001869749090541559,0.01189241237706119,0.01625448118069293,-0.1641630088845275,-0.006661987569742022,0.03495805561167242,-0.02197010909769353,-0.08125630670255152,0.007325990434291429,0.01243923066827099,-0.01049266066300172,-0.01890310920004624,-0.005611445863056014,-0.013051279070663,-0.0252027473025427,-0.02494272502781401,-0.02860294421752691
2022-08-01,0.08477792710850474,0.1727658775974959,0.04145804355609601,0.05269926928404034,0.0835242322923785,0.1399118938463032,0.1551025033963082,0.137972813361642,0.06124794025074156,-0.008262416903632285,0.1187038267019103,0.07396041945003076,0.1370190318044282,0.03143952663398983,0.01081892129790742,-0.008346062734403211,-0.02576569198487339,0.2781015274612832,0.04586050919678748,0.1434928099477145,0.1513803621228116,-0.03389808114899679,0.04284531636381939,-0.2212770164818772,-0.01380517298228208,-0.04833809492896127,0.06950907006828932,0.003451286847589404,0.2158191672966254,0.06666757123112363,0.1343043940052063,0.04212922741168471,0.1993569650284679,-0.07243782856576554,-0.01378173606203374,0.09977545383539874,0.04346685039357581,-0.01247775432617518,0.06028477004432251,0.06113759754756343,0.002976065405520058,-0.03220039744633227,0.03078464678399364,0.04852090137430021,0.005238943997394853,0.09069497472650931,0.01850323512377502,0.02320331381011933,0.03841270922437209,0.004248610780339949,0.07003791324891835,0.04275171655143765,0.04599918901371147,0.07938333672359393,0.04804530363070381,0.001335914142635258,0.008978051082754672,0.001728896225534005,-0.0003295933197302086,-0.0005592124955129562,-0.002718945400681191
2022-08-29,0.01155814263993786,0.1223746102114527,0.01915751119275899,-0.003597354496250887,0.03338677237397697,0.007784491502581502,-0.07887818802352735,-0.01479098444339913,-0.168853480212639,0.06424546471437972,0.05550300258296223,0.07401245243189089,-0.014189759122987,-0.09766466301859857,-0.05617163009114299,-0.1401687432543713,-0.02991470532204971,-0.186716794131924,-0.237780183963664,-0.003496768846845116,-0.002353921439216748,-0.05396901916364086,-0.08218255590208931,-0.05708810458294308,0.02730542784490569,-0.003378273471615362,-0.1543512771052808,-0.04268476159338017,0.0005819664140417643,-0.06460399527763767,-0.06642460663226538,0.001200953441145699,-0.1933139518702933,0.002619554205414233,-0.04320152471214985,-0.05154732619664086,-0.0776457625228332,-0.06797557196516034,-0.03237500606422125,-0.04189264225888609,-0.02849644868727499,-0.0345726335345632,-0.04022456121090776,-0.04193590495001268,-0.04663079174883081,-0.04389474887229337,-0.02248515939445669,0.07157954957306678,-0.01911984529678975,-0.04009145433586709,-0.03347117984468811,-0.02899835145978414,-0.04568798059072506,-0.08063050907959565,0.003955527597004631,0.01926134733520726,-0.01174315450775148,-0.01051815732414281,-0.01727550039397483,-0.01746305064635597,-0.01354690519048884
2022-09-26,-0.1335736757209561,-0.05062776525598685,-0.1262314404485055,-0.1162178061169171,-0.1327559236181989,-0.05887945977818853,-0.09747615459635732,-0.0261016442358676,-0.1578401625888624,-0.0509884550213219,-0.08437532923812137,-0.07452866349545308,-0.07640146475417263,-0.1989140415065684,0.1250057052146551,-0.04848338521295152,-0.07223211353406846,-0.04813518842545069,-0.1279499296096178,-0.0002090896966376417,0.03262560896692878,-0.1599380649789272,-0.0945708397121243,0.01765124968727441,-0.04193916529564273,-0.1062730085778277,-0.1285278983922771,-0.06687698162164636,-0.2442786493819824,-0.07341056512932734,-0.1825507804424742,-0.01907946674499519,-0.1905753167122934,0.05690845137019479,-0.1328305622830185,-0.1159682814658042,-0.07649386832572998,-0.09686183160391297,-0.07630200022902707,-0.04536889385926157,-0.06483782696205391,0.00306825232166715,-0.03155679354279347,-0.07224331590829862,-0.09278897571742512,-0.06898705585513999,-0.06235149624489786,-0.07563539766657826,-0.06035094941379195,-0.02223467608013,-0.082171963067703,-0.06736504001118818,-0.1028924074361602,-0.08833789401389606,-0.09939665531859268,-0.008035300622877533,-0.01457374620793418,-0.04014095683288489,-0.0125206943782447,-0.0125977334866885,-0.03423690477183337
2022-10-24,0.0737333241887782,0.2470637978177377,0.0274584867280779,0.05579193422290402,0.0950639291856202,0.001218884124873263,-0.0725746637275541,0.1815117508739341,-0.02783257328633744,0.1347770596384519,0.0764869292810234,-0.01007242566541043,0.1128701797360427,0.0709945786719654,0.05174333449650194,0.00698377196674644,-0.01106979299779792,0.0005915579131864336,0.1999021820978853,0.1676657456551361,0.1865444095315827,0.0772629248713952,0.06367544467835896,0.01600289862077572,0.09054256318322085,0.04633306333785909,0.1065129790598492,0.06195663083071463,0.1381656633598092,0.1499961160850916,0.1409576830734321,0.1227933346442493,-0.0176245107974076,0.08763573828775173,-0.03668880443126911,0.0358082116579369,0.01036967076019289,0.005457245894111273,0.06576757538249713,0.06472076965519998,0.06646717769189181,0.05571698563436348,0.09429217511482618,0.06987813785923042,0.01925161923170205,0.01429370261716994,0.0753935778045004,0.1755301214592967,0.09722361010751517,0.0757751378769145,0.1088037472267212,0.07732774258959878,0.01820359834489056,0.07121581015011297,0.02339660663711372,0.01427268778910101,0.01040829352123302,0.01421573025048125,0.01284099144555176,0.01334727533580203,-0.007839177623057657
2022-11-21,0.03880634483445169,0.07172648759264809,0.06227503932561411,0.05346036727842336,-0.05740062127060509,0.005605954966117625,-0.08440872944406116,0.03134196283252783,0.05083699013590267,0.08383653869252398,0.02600888482577308,0,0.06832361899594781,0.04193943183771418,0.04364917792464591,-0.2285118499488378,0.001186439674459746,-0.1481750551560785,0.1292009397317878,0.2321343151973937,-0.02907395251540176,0.09094371724503647,0.06453915251227929,0.05596859357974483,0.01188083661389492,-0.03897204829985874,-0.2039850171726981,0.06774286469509491,0.05843021766057401,0.07915505244235511,0.1785244993176032,-0.08750694041488613,0.1593982426382237,0.01455865802813842,0.1093093373282149,0.06815536572679609,0.04224745704458383,0.01002367525206679,0.03622209558707378,0.07369137588965068,0.02595287079037395,0.01651263879911661,0.04789556524099648,0.02792115944403824,0.01957266477902064,-0.01344840852117131,0.03422047190205604,0.02401327035834101,0.0453458164394147,0.02637489012818887,0.05661722646110141,0.08056519552928751,0.04347204932110681,0.02535640862526024,0.04236151892705918,0.01949840886182413,0.02035825488908416,0.007405982593586131,0.03573513517422624,0.03661082501158917,0.03799682796290571
2022-12-19,-0.0005963224706688754,0.1127010272643483,0.001937452480353872,-0.002371297066784239,-0.09794040101552899,-0.0591617131028678,-0.07694330694170672,-0.05399493159334397,-0.05544426529475974,-0.08997049235565278,-0.1513923932548434,-0.08952639536955809,-0.06395764963644993,-0.1678352656773597,0.02256409874399136,-0.09478525405057649,-0.003275023277032498,-0.04710761925185709,0.1018101270183999,-0.08942259121696161,0.02732071788019754,-0.01212868674478022,-0.1274993766825624,0.04582161471065207,-0.013738432858055,0.1027316839887094,-0.2850405842669756,0.03318543681647081,-0.1806844778098756,0.001932217572893565,0.04903986361587612,-0.001060275525652508,-0.1282618096201158,0.006084832603333645,-0.05580260961963938,-0.03203622093483888,-0.03033363824382715,-0.0742617712096438,-0.1201897477775069,-0.01488728867133645,0.02098598557931762,0.001139085228239354,-0.02952151285309108,-0.03778637035841369,-0.03916657465478177,-0.07944055311950653,-0.005880911577293024,-0.03664119295336643,-0.04665741199187842,-0.003008510025828457,-0.02052639867889733,-0.03485679784803558,-0.02866317542834139,-0.05629064151256567,0.006503209701268128,-0.001462200783097648,0.01500652251273563,-0.01512864412868063,0.01737120179897184,0.02014051841240749,-0.00391299324766282
2023-01-16,-0.07548439544986957,0.01861113634507507,-0.03199531321473775,-0.0463153250685285,0.1382357058412489,0.082240494485297,0.1124279009841632,-0.00798256321197891,0.1375393701939363,0.1175471972833409,-0.04104956313175222,0.05891418788000139,-0.09936849441800794,0.1954478983756656,0.02771702885518559,0.09366200255320577,0.03093456507860185,0.03477119927060017,-0.02215464927373566,0.07741541861605199,0.1275680632663181,0.1036503272832649,0.1319805354119454,0.09272342775981025,-0.01137077365822879,-0.01835953602353019,0.2304199671371066,-0.05041945218100522,0.07478147943973056,0.01077226716644914,0.07640008658057315,-0.04561258189205232,0.07044585471728101,-0.05221997994914573,0.0961800627300885,-0.005537489722770288,0.005311706954880938,0.08020743662627543,0.03162440204640721,-0.01004929687323943,-0.05155378952715808,-0.04311019230735493,0.009363018939603935,0.02843726933838696,0.08976616889432598,0.06077405682666393,-0.02957581141230822,0.03289372254788486,0.03449686044452981,-0.01384860728367713,0.005190149617175245,0.04510290442524293,0.04789967446657595,0.04497300428786957,-0.02046885380677784,0.02231116789149698,0.02027126743946958,0.01585327972847343,0.01894781920815743,0.01673771765595923,0.03022087490002819
2023-02-13,0.04290287242085708,0.06374403804627296,0.01023929697693516,0.02470730086539584,0.01443747140262416,0.03410346182634838,-0.0004452873131387558,0.0746261854815158,0.1462514032660021,-0.07718709850576087,-0.03837135365860676,-0.04636644475884155,0.06039938109537599,0.06753350247089202,-0.04603407936101012,0.2131553676273368,0.06468622488602253,0.2995540873948538,-0.131740761567717,0.01961726947993863,0.01369354979725133,-0.005515550508867378,0.008107517799959675,-0.1391649322273723,0.0894428385482273,-0.07055735093728417,0.0500999887430885,-0.01811361412741121,0.08648538289521118,0.02197454956569926,0.02027944450717387,0.02519521742536083,0.09835918840850857,-0.04257932529910367,0.05269209113489112,0.03357658774298314,0.06418972893682649,-0.03303940573178248,0.04950802848155483,0.0080707443979061,0.000576209972718458,-0.03773559660289786,-0.004566420431021249,0.02453760977158748,0.03593088801719271,0.06934949998293397,0.01254635381430619,-0.05930406565519423,0.0251046909884912,-0.01250362846405843,0.03463349699047258,-0.01561953394639739,0.008566921909182281,0.05417040791056706,-0.009430954080098556,0.02390039775671209,-0.01128038280850249,-0.005285630273930439,-0.01365066373415335,-0.01262342564235367,-0.01038114954146995
2023-03-13,0.06910825968427502,-0.06194804149033852,-0.01640102113744743,-0.03989064954988246,-0.1065188830960763,-0.004806257780454203,0.01566881309415327,0.04661403468292299,-0.1233814840333084,-0.02222982315696249,-0.1310872964102482,-0.02382739647996645,-0.114873245509412,-0.1492668762422423,-0.06651737655131111,-0.03163076748395079,-0.007144903581581789,-0.1467647771781256,-0.09204887455232436,0.1042602340124072,-0.1200417297469479,-0.07225187436320436,-0.03568447789903546,0.05992206618969378,-0.03287265360638659,0.008245120906212728,-0.1622084003096507,0.01812512074173801,-0.1156014661506516,-0.1229342123202756,-0.04515864896859984,-0.09945225818280859,0.1933885838667934,0.002083279492830265,-0.09688029812973616,-0.04727200534288661,0.06986144916956533,0.06518066091854965,-0.03608176076785356,-0.07934971973656409,0.005248026991085957,-0.04498600291196194,-0.04299794152694414,-0.03470386238659145,-0.005410490458318276,-0.05554835502618456,-0.01891310719617722,-0.08185455034126321,-0.1413323376285675,-0.04175917397859708,-0.05594998888562804,-0.06487518859643161,-0.07832154905482316,0.0225678337935867,-0.01957903882546477,-0.02608158096707442,-0.002951570836641597,-0.01901907475500495,-0.002280075443211066,0.002640125737127285,-0.01531866610371316
2023-04-10,-0.00558447164943027,0.2842017554185813,0.01750093511858329,0.02576911961422049,0.06182508006538832,0.06892490778933771,0.03147784021134722,-0.02315404995013942,0.05157128079584467,0.03787289292529324,0.07405129043034978,0.009206000037824779,-0.06517471924226824,0.009595133544984404,-0.2554875092397645,-0.02061970018739299,0.02129192255226341,0.1520211859608931,0.04106767526018664,0.04398420218148605,0.09754090436838192,0.05329166075186039,0.09101156051885238,0.0246155351344491,-0.00245853260303503,-0.06025474186182332,0.009885633442080642,0.0489144577142527,0.09130551742667235,0.1075566509812265,0.002918759445939228,0.04604857940628999,-0.05723332315731292,0.1154187860214048,0.06661808507797151,0.07188949275073692,0.02113269224354506,0.06137280072944629,0.007737390082598682,0.01165798635622845,0.04386070029279335,0.0753831705835183,0.0762295529423005,0.04988793228099089,0.06825652226836751,0.03707508053670191,0.0414010034098504,0.1206858401873183,0.05741842186551608,0.06305861314481168,0.03229209535081748,0.06559901055583534,0.01536394781890553,0.03361286816785775,0.03171288856858523,0.04362567767205727,0.007402231592831345,0.01658315589119781,0.02642994228303689,0.02861116783290552,-0.007140464541326458
2023-05-08,0.001105794931366744,-0.04632881343425551,-6.677856821725819e-05,0.0049212735243898,-0.0745058438387116,0.147041779113587,0.06582706195252686,0.1242121439488909,-0.09506894454907981,-0.1594573278522166,-0.1275512118056667,-0.1779249069045981,-0.06049158505421994,-0.06411832257712471,0.1458988878539057,-0.0264213020090344,-0.02661013460647692,-0.2428694729092775,-0.175898603061853,-0.09524834488692602,0.003354497800774709,0.05200961459976731,-0.02500360601625582,-0.06777774226058272,-0.01623452215090912,0.02669792617387455,0.05627377259067805,0.03482880909568925,-0.05229050026088246,-0.1265474374675176,-0.004533970745232738,-0.06547061847249339,0.0339089660860316,0.135867751610546,0.06138042728939429,-0.1694592329079709,0.06933341356703256,0.06897762891530464,0.02505863227107432,-0.005332602363059422,0.01505886328706992,-0.02798754874245903,0.007735097101574597,-0.001906998051864313,0.007290094932479978,0.00569996804604101,0.02301161688951962,-0.09501392425178268,-0.02733008352267477,-0.01611684061080633,-0.01229750719513785,-0.03214937173764566,0.01201203142390747,0.01386829811048994,0.001833778355560585,0.02097517792837208,-0.005484492963140214,-0.009242760240830452,-0.01149716774042905,-0.01344018488821081,-0.008768589763154672
2023-06-05,0.01113949679276948,0.08581958470828817,-0.08343828981434734,-0.0500790166508041,-0.0005976802575749989,-0.00227768298647936,0.1033594244001624,0.04727638714483558,0.05135992431030403,0.03192008968003874,0.01961564667347268,-0.01698119187372326,0.04247658411575474,0.1703356139317917,-0.02669491830322336,0.278906312882894,0.004991476406882756,0.2340563505541049,-0.04382271951069013,-0.03088269575407065,0.193907477768109,0.0004553923271834785,0.06542291241322987,-0.08487718528614357,-0.0175362218405034,0,0.6154621403548454,-0.05694528809059016,0.1495798792742798,0.1214090239811293,0.07283762837981986,0.09513216501158746,0.2483048075212585,0.02415939662557715,0.02763395354646454,-0.006844794223131986,0.05336602321273497,0.03607459196302934,0.02369731613191189,0.02801538226277138,-0.05354530953698293,0.002488069129790328,0.0356556892760399,0.03987037428226364,0.05218031670239792,0.0793132296432555,-0.04891416284306646,0.03220960895963088,0.0352094544582006,-0.01234872083695625,0.03575600652825305,0.01049561749794513,0.0007406635522275875,0.08711481251683902,-0.03572058626747269,0.01660226112637988,-0.003553120855429463,0.01713416344888052,-0.009204071427543396,-0.0147142362909057,0.01352441615732618
2023-07-03,0.07542715825246717,0.02664669048820123,0.00674793237417761,-0.0371854876052843,-0.03385835139390857,0.01665458741790759,0.04660698450690299,0.01052169162968776,0.0008153519473678191,0.01212862504856872,0.05157511812807668,0.04095178826435398,-0.04038148637906384,-0.05063316664641149,-0.0519593129100629,0.04709225597422132,-0.01464065601956313,-0.02150050245316599,-0.03369229626014267,-0.03261167040288628,0.03915456809034575,0.03381378440053676,-0.06873194809472964,0.01731600493691149,0.003258801794211333,0,0.1247079829575137,0.01409188315139782,0.08027400343037104,0.06818992594218268,-0.022545160552985,0.03779610563162016,-0.09177340329869138,0.01249614063427985,-0.01489637845840227,0.03420189980119363,0.02918837166738579,-0.02114095877329884,0.01385133843909873,0.01690441403250521,-0.003924247877996546,-0.004423064197945034,0.01541594363702509,0.02195245247010986,0.02816550761069028,0.04779877412135844,0.0110046604721636,0.001958228847861528,0.0164095493010231,-0.006354305046492353,0.03755957788726016,0.03052159112529815,0.02551099439148522,0.03059830357214404,-0.006657480244690235,0.007259593904481838,-0.004278522351781241,0.007588102074550723,0.01902419427103423,0.01787558892479088,-0.007054765725580292
2023-07-31,0.06279345739151215,0.03612610143420725,-0.03472650957967201,0.001738809951982273,-0.02520832424088563,-0.08880251967896613,0.06852478637526209,0.09879707915156387,0.09662894140176459,0.1011822500325618,0.1157323387077256,0.0683339881183918,0.07114447514895435,0.1345013508586226,0.09378499668380502,-0.2572095737428987,0.1127100995515609,0.1024121205072745,-0.08870364320572685,-0.03698329534841144,-0.01408455852903273,0.07452668905902383,0.1338816263625364,-0.03106677527178245,-0.0345062234874511,-0.009192602024697254,0.4744905709025596,0.04608279529808353,-0.1313833568725309,0.02752048313808539,0.08189648094863024,0.01082001095938113,0.02180917573267733,-0.005413821038924563,0.02986300571964406,-0.04796388099258998,-0.02675282247351295,0.0657119332584696,0.04723153261036074,0.07077152172464482,0.01486090434919582,0.0562138871556378,0.02479534327862171,0.0175816446024424,0.02909501554910703,0.01205040853734777,0.01514118972606985,0.06891030994275756,0.03631839617470275,0.02451244296278557,0.0179279022619983,0.02664346922374815,-0.01812552479833882,-0.000275402368738509,-0.02039230351105511,0.003802433931581234,0.007571603262317752,-0.006358804089625588,0.003307886061610566,0.004353613642458281,-0.01845730017765177
2023-08-28,0.1030586344836112,0.06468069349316767,-0.03492711216910829,-0.02224524835558552,-0.05304631449265274,0.02395897947521059,-0.009979957657685702,0.04564282147605898,0.09408006517043459,0.04909955533311976,-0.01938524206915896,-0.01293175400955192,-0.01654916880514339,0.05366775123390539,0.01450153311686269,-0.2595240139433673,-0.01021326587085213,-0.079208689779947,0.03783992943958093,0.1669719668696857,0.01815928980673974,0.018781589738859,0.006538783100697343,-0.03694694894462767,0.06523567693194461,0.009323125785697014,-0.5842292832117497,-0.004750705496608038,-0.05728535200006434,0.03298341375559213,-0.03345714495931769,-0.02013410430842353,-0.05405867520763738,0.2071684811507742,0.009954467267633833,0.01935496140542598,0.004583335753070467,0.05472089781824167,-0.01177725220422468,0.02535498988716171,-0.02229488018722301,-0.04274644276256747,0.03345567595352941,0.009322174178012288,0.0001423138659985664,-0.01053032199261445,-0.03268376696239779,0.04110106946074097,-0.006041471861968464,0.008407847535394444,0.004931391572817356,0.002854692261044962,-0.001806201206187205,0.02773302672795119,-0.02037636307961655,-0.0007332972849224754,-0.01001321999393595,-0.0132623647991506,-0.02079765565167496,-0.02012336548972551,-0.01066204186787076
2023-09-25,0.04745690035866987,0.1240100778663002,-0.02919035607726908,-0.01908958729659505,-0.007029700396131457,-0.05490990002316258,-0.08043386899864724,-0.0846332266020645,-0.0973322018102717,0.05726164121178706,0.07677552380973714,-0.03517321730702038,-0.07241809082629906,-0.006983946491497737,-0.04677392793237991,-0.1042892505563089,-0.00758999923356489,-0.01449646683429486,-0.08329734657873926,-0.07675527369383539,-0.1479620417035177,-0.02991607792478626,-0.03305172949030926,-0.05021874644647456,0.0269490103201723,-0.02381404276081405,-0.1392569153277041,-0.05583607731936745,0.02209948942292308,-0.02661835501238786,-0.1484175909130261,-0.07421020249858738,-0.06056231154088401,-0.03539718778422862,-0.008480772308877399,-0.0627117025004954,-0.03883810094098094,-0.03491376975434129,0.03619558100849057,-0.09442366276155986,-0.04834393969630138,-0.028995208261192,-0.03307264750237163,-0.04890487039938412,-0.01994006172153198,-0.04923284617655123,-0.03925730465397325,0.003380391989772346,-0.03910207417475871,-0.03172876676238472,-0.06451876373329316,-0.0582746339562948,-0.07226177014959438,-0.06788810358372604,-0.05135041736309048,-0.01839451464472478,-0.009198784784968316,-0.001427635835605693,-0.018845119019946,-0.01896260574346217,-0.009069392194355106
2023-10-23,-0.0349799701064569,-0.0379180724639443,-0.003796963028748385,-0.01197446297465981,-0.0210840619121187,0.02947403534028797,0.004782411627684338,0.0312793256150115,0.03297547426392388,-0.1347186943496946,-0.06958663044496823,-0.1052273458628873,0.06425694133704968,-0.1550824298085998,-0.05805019086546859,-0.1542525124825887,0.04232661300632024,-0.1278741818559042,-0.3559493827274576,0.008704512312294162,0.05139812808438714,-0.1037093952868267,-0.03336528416156759,0.05231868147316427,0.09329904358281492,-0.07096502917671528,-0.2108505939098576,0.01490643395071096,-0.2169666443383826,-0.1305268638631067,-0.06349250946753095,0.04019868934456911,-0.06306827481779116,0.04138927957321746,-0.006863163302944387,-0.1280941479751367,0.04282304594904493,-0.06754257957527156,-0.03891520212025218,-0.0873746926154891,-0.0130801132277545,-0.0662395937053482,-0.05359887501603662,-0.03940959570173749,-0.03789846830978127,-0.07213042075839488,-0.03238291377957878,-0.0647220187514209,-0.05233866115139175,-0.04371454097495878,-0.04910267120430183,-0.04611398217338671,-0.0509199225507206,-0.01699506809840362,-0.003341780895884714,-0.03855967121810428,-0.001869642417843442,-0.02082844588133265,-0.001712863223233207,-0.0007282765468705179,-0.01416617074710126
2023-11-20,0.08471614080234954,0.08648609416322166,0.05768924788992353,0.1124996117740395,0.1907638826835562,0.1615555939741053,0.1382358750993232,0.1232285414589239,0.1090022130611063,0.01929015815899274,-0.01414581357947965,0.008942403706662699,-0.0275778525182936,0.1782546212618802,0.04385731274176759,0.3397194162237417,0.03817623851921176,0.2813730065887167,0.08766553304587804,0.1286760554659905,0.1861652796586139,0.07132400537458428,0.1572894460084046,-0.03594261465933896,0.06711896308142527,0.04176112069100787,0.02984955514957104,0.02818532736276853,0.05851926147295856,0.03982987059540548,0.2017674312303265,0.1169273572474713,0.2370049736508531,0.07203588544122491,0.1036155874143989,0.08801909962740559,0.1364716819985113,0.111954412850851,0.08682402657203399,0.1164000827315421,0.05835393006047233,0.05410936714826001,0.08898331477173166,0.1028228611095668,0.1171897739200842,0.1171294116572448,0.05575800974023937,0.003527619988594406,0.117382962810404,0.06267273385030958,0.0974175012868584,0.07886336658848098,0.1153961627520795,0.1345937217805885,0.06504906648157462,0.0565634853267641,0.02083621159877927,0.01709723298753824,0.03602034124384133,0.03433497015776131,0.03465066904876985
2023-12-18,0.09345106694532354,-0.06717734460002311,0.02392823834658133,-0.008839053426115023,-0.05120003119001245,0.03785416226055854,0.04500912350677805,0.04451848122747307,0.1224639316494282,0.05694496514762247,0.02661335766950282,0.01931676831765295,0.09328957899958105,0.1236072673515899,0.303634007919414,0.2480459012149456,-0.008292240983483795,0.1402286901978689,0.191458819972378,0.1271483655077867,0.01506689210477582,0.03316801764031822,0.1192166622210991,0.1236198058022942,-0.03749274755255854,-0.1327881001829365,0.6279466818781754,-0.04158527377745252,0.1737505031024497,0.085353893265223,0.1706108008892985,0.07262485333076782,0.1336844449358585,-0.05302056266601686,0.003828558168517449,-0.05561487930970618,-0.007663470107242131,0.03489488823630361,0.1286449065234417,0.1231074355245043,0.003693924189633085,0.01943657935358784,-0.01746175916414481,0.04403997347114152,0.0257206771750746,0.06719430694223004,0.01920066551587581,0.01026005258231819,0.05950787312286235,0.03407344122372753,0.0680973615401775,0.06139014643254634,0.1014280067307081,0.04327129919643297,0.008350472323002966,0.008412236566016019,0.01168778373239231,0.02620034526243368,0.006579951814154222,0.006999334193754651,0.0367596268379219
2024-01-15,0.0564059782146495,0.05746485399699254,-0.03477181025223243,-0.01173088819323597,0.02272860615233441,0.01337335159085766,0.01275305259141783,-0.01526443592585109,0.00312602495283888,-0.03182517536826238,-0.07206716549462842,-0.09680544031434846,-0.03139536780914297,0.04028491764859676,0.05972639574597365,-0.06449460726728294,-0.03503158859620792,-0.03676952798196592,0.0507039256475583,-0.008905933221023886,-0.008057766986278286,-0.008457136279340407,0.01339446414200938,-0.2007981627588051,0.08260967712220303,-0.06179062690221651,-0.3083931481821631,0.02249282255659569,-0.1002261999725645,-0.1087716350760051,-0.1965116114665564,0.0005605898205478406,0.2272263735547408,0.09961156289764402,-0.001254692258389441,0.02114332057777294,0.06391270765508592,0.03484046741924463,0.05813200394173649,0.03986771950248338,0.02621167400381582,0.04022757824346905,0.02982360529287343,0.01883391961573255,0.03088187359360866,-0.02656506319080096,0.01188091844680554,-0.05974750955076443,0.01607549817238484,0.0331772644375276,-0.006182316145188695,-0.04118559297243393,-0.02693448597099068,0.04246356924731971,-0.02721334844117607,-0.006647191511263519,-0.01215981900761041,-0.01272486640499964,-0.01098346951498225,-0.01034990779462305,-0.03373241393100045
2024-02-12,0.1313992746680513,0.06544877691275436,0.05964308942477282,0.02313880794924872,0.1889385215396729,0.1113465695531085,0.0907850749965328,0.2016478575871188,0.02525784026433001,0.09634431569284858,0.04369273864383075,-0.006692004256351106,-0.04788606389296171,-0.01472455262308872,0.1761707420905638,0.1567916297026052,0.05126720685380277,0.1991534055064385,-0.1254550741709225,0.05139776490182001,0.1974931472262939,-0.05189272727081264,-0.09983343425414924,-0.03517384539213692,0.1098227549858691,0.03805208455838058,-0.2305530615319275,0.06779183402159918,0.1251199163030502,-0.03020604400634406,-0.05527499262054193,0.1109955409423224,-0.002151053577786486,0.229022209159727,0.0372878667535901,0.04451040008963736,0.01588745372748556,-0.04248927414568583,0.04407179553789209,-0.0001723212709775504,-0.007676322955217204,-0.02566639160655969,0.1050309107144258,0.03618246984066861,0.05573803590440118,0.02427337145631847,0.01760403635297937,0.06779111068295304,0.04559667314641432,0.04495033790441551,0.05036607303972845,0.0365330328317218,-0.00944822739826417,0.01239499456181273,0.004254920620047374,0.002000220003566585,-0.004799706430022579,0.004545256700200884,-0.0112572448028748,-0.0130857436814655,-0.009099470734360038
2024-03-11,0.316994449354389,0.203176641042192,0.009808130132653772,0.01889185162434416,0.003302854458652031,0.0622447924810363,0.03011731181564252,0.2291988130132638,-0.01835651060151752,0.168425444766916,0.074921192707677,0.05311024646262728,-0.07424135838347322,0.10742981655635,-0.05318209494891525,-0.03134434074403998,0.03125747058738909,-0.07681481964203211,0.170250625950002,0.1384680707079729,0.03888463133089284,0.03842232037129188,0.1682596735598468,0.02239125668014303,0.08459157707144312,0.01255652269643316,-0.1084910939893951,0.02560188928418877,-0.02078378475579025,0.1277500957253218,-0.116723826456646,0.01920979920305552,0.09944039415107929,-0.03830150147978644,-0.0135057354966617,0.04079602575351223,0.03178039366125963,0.004942221169827839,0.002386501223306412,0.037493129154364,0.01706948733360252,0.01092501916541123,0.005545034567619183,0.02484109983043334,0.004532498565992775,-0.005730727880876747,0.0318975617210647,0.07136324624361995,0.03042949979470463,-0.00188497847720863,0.03523889493314292,0.06751402075050515,0.01880840546874442,0.01581372845222398,0.03773077411151282,0.02069267484928295,0.007783637627138887,-0.007270790013945856,0.01055424076841172,0.01177595317177391,0.008660092434657032
2024-04-08,0.1371469369041798,0.06344499265228369,-0.000130460390626197,0.009920924084546678,0.0195048902409421,0.07536813229437972,0.06950922251111989,-0.003437784062986944,-0.001562444743152694,0.06244196252006895,-0.07049206542652559,-0.005903862744660424,-0.004845731518239382,0.199673603807618,-0.0193086975121837,-0.115687317976454,-0.04008770468720803,0.02493194397452532,0.01320590140564242,0.01093145000953941,0.02951520423430377,-0.08073550415664171,0.2930535017731324,0.1406279990968507,-0.00461974121884735,0.6929115391588393,0.008566806438491262,-0.04087386999537108,0.04770484602630146,0.0432329098710462,-0.07890928026902551,-0.05039400290669085,-0.1680746563504212,-0.003594531972202046,-0.01842537638154689,-0.109810690110846,0.01398537278903726,0.1185768523013137,0.008340896613004418,-0.0907581217220446,-0.02897188209452376,-0.07463356433727501,-0.01284109621481189,0.002138084037349224,0.03006492248294952,-0.003334705998528546,-0.02304513094675116,0.060712541806219,-0.01529748500874705,-0.0446955953940263,0.01081258562766914,-0.006582263371545575,-0.04323590379197145,0.0006718661024529326,0.02120311813506513,0.005025300670538827,-0.01903748181040857,-0.02189168546671233,-0.02494961823937267,-0.02261352805783823,-0.006309191086087285
2024-05-06,0.3171513110904438,0.05168926277303586,0.1294995868211322,0.1032876076310688,-0.08118348334193783,0.09868011010569848,0.00784034771068797,0.124865701997754,0.1068814257310276,-0.114695099442987,-0.05923680277973353,0.1026193778151267,0.04817216683117592,-0.006947714198907201,-0.09772664527222007,0.02444265482551239,-0.005398968204986669,-0.2876990302892462,0.1188264343359048,-0.02607117250935015,-0.02103565326643654,-0.001654577552997445,-0.01139384342158753,0.1030450060114302,0.06133709134506906,0.07775774409859744,0.06967641649935385,0.08460045431887099,-0.04160010346504295,-0.02265541139634241,0.05586895479732457,-0.09746535235263729,-0.07823505598772997,0.01199999160135502,0.1107667032955601,0.1334892304082194,-0.01856970386072193,0.07262443047002813,0.08162373625153144,0.01120631050657049,0.08895585893755752,0.01743576681932228,0.02339391738636536,0.02101126378271876,0.006118761707461663,0.006047477992041348,0.06094317805273988,-0.02627274726758131,0.04690658758226524,0.03594900267329088,0.02426708436411608,0.02292136537502843,0.01648001931422968,0.0006336415568128998,0.113342315663664,-0.008914726173769401,0.004954989293681493,0.007747072011468435,0.0132673136277868,0.01175779680751063,0.01390879969906049
2024-06-03,-0.1030229008331249,-0.0629060368144481,-0.04049167359733797,-0.03513911966253638,-0.0451160233585407,-0.02411128609831114,-0.01882326158065293,-0.1359303312985753,0.02430832091457866,-0.004457985508671259,0.06412489000572599,-0.05348569707419061,-0.05242838073434073,0.05075330319775178,0.03016951716006221,0.0432608752697678,-0.04281410507038248,-0.01835809233330474,0.2778563727183904,-0.0864590977144423,0.05378113850745263,-0.00984052215424914,0.08468753901347789,-0.05000196257556472,-0.0165964419118354,-0.06195959539348143,-0.03566020186616532,0.001384021185076232,0.01458590225647014,0.1765934023154461,0.0700256466586239,-0.00667228998113784,0.1098500950997996,0.1250050720566658,0.05409228098876427,0.05481042088173397,0.02589017947221212,0.03726733850358933,0.07873054095848517,-0.05578698759261188,0.01124814776970014,-0.01211163932420558,0.004450467643709642,0.02747653207171978,0.03456342659233672,-0.002721410877161112,0.0005666458016627433,-0.04597761171833937,-0.009245398380181423,0.0215502941403568,-0.02972671322416708,-0.0248386352953173,0.004646246370450958,0.05257733414723899,-0.02072710778084625,-0.102275152629643,0.0033359590020008,-0.007617366362341114,0.00208363012725544,0.00273370046971436,-0.005494194677162896
2024-07-01,0.05780080619887367,0.07579205967686593,-0.005574424400764451,-0.03235712870365817,-0.03971309287834427,-0.01115497047971882,0.09123011906511502,-0.008860570132425532,0.074206943422028,-0.01198752139919527,-0.1165244399903189,-0.1045548817896798,-0.0006865526117697472,0.03212685023536579,-0.01111934350506721,-0.0814818611475729,-0.01669317445370392,0.2305271768012331,-0.2722349062443025,0.06895797873300015,0.08243464922571335,-0.02285817364333942,0.005610711921096237,0.1092212156770489,-0.01187913080783817,0.05314963645970187,-0.06493328213989358,-0.01242673443268467,0.061639549514712,0.03531885913923596,-0.03219456907374771,-0.02783855742592212,0.02647326692611474,0.08171894314221845,0.02833899405940686,-0.00285761339715563,0.109526405783467,0.1000194693349615,0.0516916828030427,0.02547013038677607,0.006003212190388013,-0.004561749605711496,-0.006899390262368257,0.04589321981886684,0.04651089003064862,0.07321652104450671,0.004362748195015432,0.01028912743019148,0.006022783752078545,-0.01113725915776582,-0.006344848717054009,-0.01843674678130865,0.02093644403865625,0.08799259923226074,-0.01344042979907066,0.01850005706092402,0.0008266180968537051,0.0106671619038091,0.005000417170758728,0.004111159217658573,0.02725766261881459
2024-07-29,-0.2377323811862213,-0.1502814179361657,0.1665602516905067,0.1546663759147578,-0.09647512191199789,-0.2003389756545209,-0.1980028433018895,0.01435882887309636,-0.08604276815787552,-0.024187947229807,0.04863864872358643,-0.04650367032808431,0.06608803675798568,-0.3383245830730173,-0.02997755943328791,-0.2159057663959961,0.01959516699646936,-0.1020799353009481,-0.3534806579821556,-0.02306783951256372,-0.1338039633088824,0.05939694951872441,-0.3955830540938393,0.09739629224631811,0.03582826921119989,-0.11413812628401,0.02699420000116513,0.03966628767172716,-0.279531327781403,-0.1480632607406377,-0.09499246390804639,0.09069436592435798,-0.2946354281311872,-0.1451872163444185,0.06485573091196553,-0.004878574020816161,-0.1528579613301814,-0.1519083714541345,-0.08271477285773739,0.06841832615922885,0.09478808532033633,0.1288311046562294,0.04635429822298717,-0.04525456821146475,-0.03963259480204069,-0.08142049226808139,0.02716868573836765,-0.021558426247343,0.01407977533331532,0.04945345735891064,0.01401116769521065,0.02722408938334609,0.1005932875579525,-0.1458636332874658,0.08994266649528795,-0.06490454474839479,0.01920258517998113,-0.01900811189884118,0.006995966570472755,0.006901060570709321,-0.04111658985719443
2024-08-26,0.1894824690490269,0.3000092769126752,-0.00680578873627119,0.01004473350455584,0.01033366799418575,0.07418946503988133,0.07027118772965998,0.1661211181769635,0.05890704920741728,-0.01422717422912879,0.1522988663432656,0.01191466805651263,0.03589289263424393,0.1565030002127833,0.05250198034500238,0.3052395387855737,0.08793298545657421,0.0380755998795669,-0.1286528948932673,0.2546257616522699,0.1533506345267208,-0.009533026753509822,0.04301725472713797,0.1100250135634657,0.1728671666687599,0.4144559178962594,0.6674728323199578,0.009811177961287285,0.1433616431039932,0.08228729588425156,0.02531653926504123,0.0869565854196419,0.1313207086732138,0.204522222288586,0.08448615276547769,0.1688201356317769,0.02611956779445157,-0.02281573276433249,0.09418574531364304,0.04840231065883407,0.0508439851032554,0.02064493684416645,0.1208519173206954,0.06445477945169395,0.03442592352707754,0.06928107640301741,0.04612711775348637,0.03679963592295515,0.09627681096957494,0.04725318704477521,0.07887502566222422,0.05281807232705305,0.04543058371455085,0.08434749813583267,0.03157508951501162,-0.03226897866313089,0.01778819654079071,0.03197176940851401,0.01469748737769301,0.01463531430309654,0.04356816114163507
2024-09-23,0.3760029932878693,-0.1463928928803907,0.01797044678621084,0.09658189594135183,0.07034849800861893,0.02586632387175351,0.06017898109884491,0.1145355778112492,0.1105998411899755,-0.08866100919385511,0.03518986578168842,0.008896858974226252,0.0008442049154964504,0.06606720123986613,0.05075706743673613,0.1063367922562888,0.01981996316527408,-0.007821229155437004,-0.1899033937253612,0.09305113765141168,0.009916782251279259,0.05935993973231966,0.1288077559082735,0.0167204450923337,-0.005088664828109862,-0.2704304319564305,-0.0460969316591063,0.01356147037467231,-0.04345512034892227,0.05368034209804953,-0.1229972659341008,-0.0840669797615527,0.1175894831447577,-0.1042453512004493,0.06125519842456694,-0.02373187563853212,0.0299742660162708,0.005598100125340504,-0.008852232602310951,0.09411894889583029,-0.003021575457421479,-0.03173271309098894,-0.0460284772866274,0.01954346520425672,0.03884943864193208,0.08477251468014027,0.01334332459039054,-0.04379221674757568,-0.0108997668045019,-0.02703997956694762,0.03324048456043342,0.03733440731871047,0.02774642407434044,0.02702328311587453,0.06923695913802443,0.00099858094923876,0.02413383448241667,-0.002758414989320999,0.01255195357274974,0.01125784162283831,0.02161511299610707
2024-10-21,0.06164813743753362,0.1664527561687754,-0.043092769907981,0.03765925722376254,-0.01211344647313952,0.04246752443822567,-0.000879688665727001,-0.06077250915175356,-0.06391402741927334,-0.03141370672065532,-0.03426935186565858,-0.008842241461615845,-0.0262541047952371,0.0005100064248713359,-0.1229276054524003,0.0008634552934112342,0.04165898349482836,0.09944744784466114,-0.2525118032799364,0.1384325808623496,0.07647011863774933,0.00937663221523876,0.005822967370992169,-0.1265889633185633,-0.03446612332697666,0.2405878996210545,0.252250180204067,-0.02990739561870245,0.0313423537445742,-0.04055221038808377,-0.009936118151680415,-0.04221554223370442,-0.05982361766511247,0.01988646401384145,0.02752268766519712,0.1115694014846708,0.0003584936622178647,0.009467780313685241,0.00744207039650027,-0.00183360541886613,-0.08293901200147548,-0.00380991994327102,-0.008963746721395013,0.01553712241231616,0.01096730393885833,-0.0001764182678887922,-0.02820843352209026,0.03442977875646164,0.03808119141050242,-0.03468571598459183,0.004980496074007852,-0.0366204743208572,-0.005879224809751001,0.02691299194267314,-0.0005875144840102139,-0.01641411326285017,-0.03724255029255118,-0.03178982107462392,-0.0403342423848946,-0.03955182735776036,-0.04464627331779737
2024-11-18,0.3192116876796453,0.07836901463229784,0.004277036758497023,0.1408966830699597,0.2351477002332224,0.05068542567416914,0.05780669105817822,0.3382729595554071,-0.04007000066613341,0.08364929289870626,0.09842354953607266,-0.02424766745413178,0.08900697691358392,-0.05323590365885925,-0.004695385967698322,-0.04277022940966883,0.01525792749879743,0.1923849183566511,-0.3062291747017938,0.4307135139016259,0.2079257663788575,0.05092664083144126,-0.05995544263516448,-0.1316154932148264,0.104722786735625,-0.3583941739554877,0.4566058275652954,0.05604140430790662,0.02800013390404695,0.1523340143248079,-0.04502233792997534,-0.2917090503207014,-0.1455394996390835,-0.2097664252195009,0.07480353095024837,-0.1581037886825707,-0.02920272101492924,-0.003700914379337408,0.09560122777464677,0.06169051679615084,-0.05492113878450326,-0.04327211471464265,0.05807017396952167,0.03358448914427026,0.0769514153810889,0.09890176877956815,0.01146732019743958,0.09608187796326804,0.1009120667801104,-0.03624303481932644,0.0624594281344828,0.001655466014777895,0.0005432521307772805,0.01708854527220774,0.01583486564820363,-0.02633795753089049,-0.02308271025359372,-0.007562393288936326,-0.0420507442972532,-0.04306282910563828,-0.02387521218003581
2024-12-16,-0.1751196841792378,-0.06511220482159344,-0.06177529084879121,-0.006448654006570194,-0.03325196882401998,-0.00274492778651436,0.1602235418523548,-0.1376485924648865,-0.1511936579385212,-0.2094291351951358,-0.06686399387913061,-0.06238781133653588,-0.07480718339378789,-0.1187869064524624,0.05996089525666408,-0.1259110792954188,0.05515272961496664,0.09477566291693618,-0.05190446992674989,-0.0100706248268461,0.0151366542996493,-0.1563130492750359,-0.1579812130289489,-0.1446839059028872,-0.1253399133155182,-0.02602895138741776,-0.09655119239598983,-0.05799272128652232,-0.1501218586480292,-0.01964840138650976,0.2091683791262199,-0.04477574358111503,-0.1808301401353769,0.03164929710355002,-0.1228669261299795,0.07054470158676511,0.05578072378208542,0.1834693195148246,-0.01258715530625744,-0.07555175213517386,-0.01713585401220192,-0.07706570351503192,-0.06106331133095807,-0.004843843020671711,0.01346329249883699,0.05874883251477414,-0.02852689213262194,-0.1761039769828951,-0.05434315303696276,-0.05303459485708789,-0.0776008662603692,-0.1151290018287771,-0.09447871628758435,0.01220756425810456,-0.07725528737683106,0.02065770108327226,-0.008361612580462639,0.2941063123678834,0.001137272213910197,0.00139275027904409,-0.04797470983449965
2025-01-13,0.2457938294844693,0.07082252007127475,0.05835362362173241,0.1076211546357073,-0.05635066168556113,-0.08979296502218372,0.005573010906651455,0.1711011302606074,0.1381079414761349,0.2136260141092118,0.1630721936828655,0.1957412747241193,0.1005561377897283,0.09442804742747224,-0.07685667503207462,0.01474677122004909,-0.0001929962296875149,0.04791227030141632,-0.1790722002247147,-0.07600053033694636,-0.07104281093402647,-0.04370555847672711,0.1985893663633755,0.1045128869602839,0.04237818391271026,-0.6227233140226426,-0.1020735647614932,-0.05186550238186046,0.03684292530742466,0.08425514193935424,-0.04426114080531231,0.07586797272240722,0.02303043203519905,-0.06935978096687981,0.045590730198795,0.02204432063358764,-0.02154295750539251,0.02918710828561664,-0.01412650826053529,0.05154910045437899,0.003146660567201206,0.02163434458141799,0.03944824103117372,0.0133246304446813,-0.003989735037201873,0.003998786069542916,-0.03300881782744726,0.1462516523179517,0.04815638394625679,0.02486875107022462,0.04183316659336366,0.04536258493224436,0.02190109610243865,-0.007678388307268227,0.04839987973433301,-0.0432238642386738,-0.01148706296551122,-0.3416555998558833,-0.01948012535941692,-0.0149421412580579,-0.01187372627601651
2025-02-10,-0.0236172855276599,-0.1227635437301396,0.06911756606656597,0.0167239222185402,0.03861595885580101,-0.009592256473758934,0.01505766719433457,-0.3158773301373251,0.04767941988500211,-0.04173660934770862,-0.1949972486495113,-0.01754609039087131,0.003733976373621608,0.06273847519302228,0.1465568881791108,0.2605649556027909,0.06673366600270944,0.4735086556767191,-0.03987251921589907,0.1753846229165988,0.2623034024487093,-0.04131325025989294,-0.07584883073707176,0.1380720231050892,0.0934081788678156,-0.1141735492760295,0.3364374192801904,0.02116433431148907,-0.08899202683077187,-0.07968450239475999,0.09372037076561435,-0.2846944345652798,-0.08908166169827711,0.1911607484129585,0.1848658418851301,0.1347495335391693,-0.06146696367551633,-0.07059859323467634,0.1611154633831531,0.0003660148071832707,0.1170472952888559,0.07517569064724632,0.03069224333359955,0.02508218082487157,0.09766603063408652,-0.01215714836896672,0.05334620295219512,-0.05281742397439872,0.03844674342214033,0.04050601573964921,-0.001814971151620226,0.02131308886148645,0.02944993317587123,0.0308829888841131,0.004112778357072373,0.03005857452027037,0.02723024443127698,0.02544971636132092,0.02697799331152957,0.02312880932396795,0.03162972916487452
2025-03-10,-0.3774800052745763,-0.05514087615430704,0.04557645188835152,0.03782548877161347,-0.1424663956375295,-0.1670177647253592,-0.1828264095018226,-0.1720106384027337,-0.1818817199140168,-0.05912851023474183,-0.09320291537022908,-0.002740967258803694,-0.02499886994197503,-0.1889740665852676,0.07593649860844076,-0.2632131823082605,0.07260518448392632,-0.491200893319347,0.06109914528246558,-0.260804525082161,-0.1805408887719449,0.001431264166218648,0.01606519153938919,-0.0006938095471476113,0.0978686757696329,-0.01024001098928998,-0.6707515701970103,0.03890721725354054,0.07371734173346065,-0.4170923908806934,-0.1657026373924518,0.2579764135085549,-0.1437293256087727,-0.04706682449512294,-0.01247533513837835,0.08350873834567484,-0.06064660781064325,-0.1413065775625822,-0.2158818648889976,-0.1861616213713606,0.01463810474042455,0.06301530418052563,0.08926416117283223,-0.1013845066929799,-0.1096339417362073,-0.1815102363223051,-0.0174072237443655,-0.004367937924956,-0.08287357943929372,0.001136786483960223,-0.06055595910970952,-0.05577784220139272,-0.01850841616606684,-0.1454641697975527,-0.003689030499473982,0.02374011290016821,0.001515229926029086,-0.01747119651003985,0.04571525704774355,0.050332816222827,-0.004162264595632457
2025-04-07,-0.1366507067881693,-0.3276195381123054,-0.01137023015910311,-0.05041273600308933,-0.1928894646226003,-0.006953071156167521,-0.08783758870210015,0.02845916411421788,-0.2793465474591534,-0.1979681595738739,-0.08007778285013444,0.02338037159651512,-0.03686364777309031,-0.3316397932630787,-0.01682381748207177,-0.3452382537156433,0.01412798252201808,-0.1144684235873914,-0.3580647639986428,0.0267905329655468,0.0004058305985170964,-0.05196154700511048,-0.4750159241598065,0.2222129727998889,-0.03653058644105098,-0.4721021649046899,-0.2814989336003215,-0.00813421074186184,-0.05393865925957601,-0.1175709978447213,-0.04008444962211836,0.1222493411309636,-0.1001346700340372,-0.1348896122173892,-0.04573752055277088,-0.09244250452883244,-0.0003639383382470161,-0.06652376758741625,0.08189713835300476,0.009292578699469528,0.04149605966094624,-0.09056100937301263,0.02352864545129664,-0.06380120052158682,-0.06886305148707363,-0.04289208760873928,0.02029140943931907,-0.1558786084569382,-0.04529131281426241,-0.06855915264752942,-0.05070562705381899,-0.07850981077784276,-0.07272454559051458,-0.0949644162133102,-0.03314176547682295,-0.02402018016459127,0.01731861457461702,0.04703309391908982,0.05410886403305348,0.05038338637575321,-0.00895972595873954
2025-05-05,0.2539935107781452,0.2793282212936562,0.01219521297263645,0.02840892758104169,0.2886673764080098,-0.001047885836455759,0.05648873885300472,0.2875477169415372,0.4048685507211092,0.1365576880014649,0.1759768391001049,0.1091572518258107,0.07305139233467274,0.3237039976593031,0.002241989320971833,0.07020904796403207,0.1089669498562365,0.2861429632534334,-0.1007885575869098,0.2433406030728639,0.2820820247859696,0.02032296146869515,0.2745353180644952,-0.02368317960132849,0.04127404721183967,0.2826172172387157,0.248186756474201,-0.0661995881961902,0.1452368150897856,0.2315862584405215,0.2827865634372244,0.09261061531605697,0.1254702490288078,0.003837547064620209,0.05814512102510208,0.04561586695660134,0.1586179577152705,-0.0369236535871954,0.06077300691565705,0.0321905429218164,-0.01670840239489937,0.02121194210013849,-0.02604231780884735,0.07215912034627082,0.08176251641633965,0.08437323994497808,0.009050812380239377,0.0572014997460222,0.08616044414494733,-0.04051613334374311,0.1039960530309091,0.06411967438542768,0.08709206194348146,0.1207039546922199,0.06527033372456452,0.05612789411700516,0.02141482098974928,-0.006842186904864839,-0.01115000039456414,-0.01223054265716943,0.02643092719562527
2025-06-02,0.3251958472150581,0.07447077048362938,-0.03700108919026784,-0.01233009125916126,0.09575019585662613,0.07190517119799274,0.1334379744744023,0.2132223844601213,0.3735334833666284,0.06818831518315895,0.1552075525464029,0.09442688801904615,0.01572915300014208,0.3051455020237525,0.1780309779323538,-0.02469582808811628,-0.04784659918368858,0.40408915018171,0.164298449187805,0.1923675667798485,0.1124387251934054,0.01725169859948227,0.3100377483857154,-0.03409835481836426,-0.0243317703785338,0.3655860823628377,0.1867727129394826,0.05226803156852886,-0.002573951617711486,0.09217492419423587,0.1039865977062135,-0.02165731698283381,0.1613098259135877,0.06475668236386437,0.05199247836781086,0.08058219819494888,0.09448531958846723,0.1697145071016668,0.008950148289093482,0.02491629854323386,0.01546458996451124,0.01820519200974957,-0.05304235734635009,0.07908529815905824,0.08595122122395343,0.06223953483105905,0.01268021066186965,0.01562046877948021,0.03711406509215166,0.01682605795736066,0.08298233014677255,0.04939301464091023,0.008548137140154732,0.1204329026811427,0.01555595697302821,0.02340815229652198,0.01043003566566407,0.02353135594785717,0.01749367981843758,0.01767009558017438,0.0162047459734473
2025-06-30,0.1379736256267525,-0.0586214145077958,0.02698513006917589,-0.003758235819768103,0.1195859842472319,0.1118777985751966,0.06037736647984635,0.07768003919469559,0.2255108471985024,0.1596052875585547,0.03602579346775694,0.02134907893431359,0.122387021958524,0.2350869163022596,0.008646797310616478,0.02642435091005893,0.01809396104826692,0.08386167961625031,0.1402984627640295,0.006130672725997078,0.05883928151510599,0.06115777725104864,0.1596322489009689,0.1803300836724722,-0.08702486468502571,0.002129372665918871,0.4109065785213123,-0.02632661270874582,0.188587325495662,0.2297568719750536,0.03216731176103645,0.1434849551154693,0.2297119768017809,0.01865548852554271,-0.01466002492751111,-0.05564747528553093,0.07874187770290249,0.04602661906321472,-0.03738995750200834,0.01577999458506725,0.009496584952431025,0.008446653029437945,-0.02336970360552104,0.06132640455987263,0.05807620575217964,0.05877505520301776,0.01717959284766698,0.06780652176993794,0.05360407872966388,0.01750921072130722,0.04496961142992968,0.06053907429408728,0.009507744272886509,0.1029356268551363,0.01996267225714179,0.03398967356281064,0.01507744804306923,0.008543059322101662,0.04382272225447394,0.04335048424195208,0.01109626748575229
2025-07-28,0.1077247987308252,-0.1360874098304259,0.121620636842611,0.1228841859878661,-0.08376609697096049,-0.4000890405181439,-0.05374429467579548,0.3411668849910566,0.04799291225259456,-0.1005858053837501,-0.04512177855103584,-0.03619272717164839,-0.1436488810413918,0.1999439496651043,0.002339451963949649,-0.1714561959803161,0.01980209828894056,0.06142112747324175,-0.1351309887287907,-0.09375149903532318,-0.1535901031031296,-0.1378279246880433,-0.2075019057409175,0.05971882429294403,-0.1113051478623295,0.103824580567703,0.09597535337526644,-0.079626886368078,-0.1190196971495491,-0.1011376109928048,0.03713836308562163,0.09250390957296387,0.2979180662803238,-0.03231788950823344,0.1148716161002567,-0.322082390748676,0.06717822533186796,0.07081652710188663,-0.04648575013473784,0.007222748028337619,-0.04828989167320651,0.09522602525046871,-0.03451870822575936,-0.007892495823483215,-0.02437602105138426,-0.03183482909534423,-0.03383269962547335,-0.02268142363385369,-0.04653656212985056,-0.04456566136931905,0.002908541105224369,-0.07100714450727977,-0.01668851906082573,0.0005819932973560711,0.06423771221672078,-0.01653406933027334,-0.01750714428889357,-0.01885104818389297,-0.02243570844585288,-0.02160917675169205,-0.01653406757753884
2025-08-25,-0.1316005263190764,-0.1452298402065557,-0.0201107223566418,-0.01537845964247124,0.02100692506880243,-0.0123772174098345,0.08858075935080019,0.01691214796517507,0.107800686778251,0.1823315927509991,-0.06820273705528036,-0.02231120517589531,0.04245007340911815,0.06662569213090618,0.1481306674501168,0.3265959498856613,-0.07181678603283159,0.05801552683379728,-0.1877850022919472,0.008921676427360706,0.05785294422565256,0.06014426811694123,0.1742605014690515,0.2383165106714108,0.03372526827671926,0.1165829484196236,-0.1074608090003531,0.05727478557011873,0.134423622676823,0.1798361561550093,0.07720420391496735,0.01167500155566278,-0.07482585407544295,-0.05185870516916904,0.02290145505139727,0.08258418390320665,-0.04433990411678961,0.1632912543277607,-0.0133814971557712,0.1170575528162212,0.002600335426825174,0.08886697203517328,0.0851972255561145,0.05079011786747092,0.06682346975560466,0.09640328205598588,0.01062277389117313,0.0752312988262621,0.06777999781949262,0.06469820406457141,0.02074420660205973,0.08567903557973068,0.03364569131552661,0.028556674010763,-0.02399027049116006,0.01499983756450588,0.006430213902977362,0.005507115174656219,0.01120074893515991,0.01075326481199782,0.0150839367282239
2025-09-22,0.1293838577165188,-0.1046204830119312,-0.02388177241786493,0.06452324750816921,-0.05923461149241156,-0.070083657713594,-0.05746391791212497,0.1875841171511335,0.3661624195651749,0.2019640181524603,0.08607271252413867,0.02882254994429082,0.02474420025537768,0.4007621406689165,-0.01650807925973726,0.1024626449630758,0.02631422291901726,0.05020733989212407,0.02302759147176745,-0.07386407168520971,0.002728589258609936,-0.0958274410983666,0.3897907884088136,0.1949991718924514,-0.02041044863069085,0.03729071361380758,-0.3427491028491383,-0.04102093101703383,0.02822612561423062,0.09327200539653697,-0.08233924318295519,0.04061206546255464,-0.0275253222060244,-0.01543130020315493,0.0539543963912254,0.1124254329382816,0.01310228037952263,0.2063203527863575,-0.04117176467486797,0.01927722960206829,-0.05828111330595742,0.01990471901122612,-0.008225388737396117,0.03976055222700296,0.08749031030136148,0.04974675031739337,-0.04012461936876311,0.03641723925121671,0.001224427986708263,-0.01339630506405841,0.01099891486307614,-0.0465027500871724,-0.003651757819381941,0.0865027898857642,0.05007610618490133,0.02184968876376832,-0.008472151915041947,-0.01970284539123342,0.002008975839106901,0.002617114608583955,0
2025-10-20,-0.03990814540399591,0.1438017018094816,0.08620559498812157,0.06505078860194505,-0.02255017169845715,0.03874165677071043,0.02830123853778654,0.2824976868100942,0.1088251315889669,-0.03747325970131674,-0.08991637313540288,-0.01600291668493098,-0.2558859369836596,0.2714860524384292,0.07207785025965437,0.1656895720283231,-0.003888091301906771,0.009864189496078027,0.124651457233378,0.05322739852417917,-0.1427436847973229,-0.09854097778451336,0.4705859980675391,-0.0316247517449678,-0.1491159236724184,0.827870957530804,-0.1201862737586726,0.00978976575585717,0.2011302397280604,-0.02985731881889219,0.0005768155611725128,0.1036622444493373,0.6541757194459706,0.1849182888683064,0.02443804957470559,0.4276282322573911,0.03329536718949988,0.07495026165260839,0.02484805730232392,-0.08335915137600758,0.08466735861408589,0.08194573643537059,-0.02267113013493401,0.03268424550030481,-0.03179667036157785,-0.01218051027614607,0.0204081650346799,-0.0617584531970834,-0.01988676942552774,0.1061366786160034,0.02149278643733158,0.002711316254156171,0.02583761632292083,0.07305298393096633,0.07291438140747328,-0.006822825671492661,-0.007994614325922954,-0.006396125286889405,-0.01064840823073396,-0.009762926287709759,-0.006735456752792828
2025-11-17,-0.2562649148282425,0.267435677881356,0.07033879480579176,-0.03397605114866328,-0.09860785423184167,-0.3798427872460359,-0.02276002015354775,-0.1335226853740575,0.02055600852020102,0.02908186706014977,-0.1297972070211098,-0.04956274313493311,-0.04428573687825343,0.104564755431646,0.05921594760313076,0.1507753634877373,0.01881971435012003,-0.2244040688276467,-0.172370095253379,-0.4940796649682744,-0.06943332692310142,-0.09807571755535716,-0.0786159718658418,0.00206883648510471,0.05044280018884718,0.1038355143664053,-0.5049597344877662,-0.01488537678122172,-0.09245168079022816,-0.1950357118586964,-0.2998251519647304,0.02651450848826442,-0.3107215682203806,0.3614187006658613,0.1731986315277832,-0.08463096939439575,-0.1461956086929744,0.204635037214071,-0.0500173491755707,-0.1710647509375906,0.0653431528490054,0.09852807684129462,0.03448161778140271,-0.03922448900827397,-0.04616658391983887,-0.07554135910700899,-0.02180542999413259,0.02187994052550832,-0.03953622376331949,0.08211854285531385,-0.04987889995018073,-0.0436382504103706,-0.06026117640156752,-0.103480647281341,-0.05191763398478136,-0.00196423404590822,-0.004975539393091186,-0.01003322766314662,-0.01341156343680047,-0.01381474831974463,-0.01220193933138953
2025-12-15,-0.04891939391678669,-0.05613576766668575,-0.07874219041274222,-0.03465826763299069,0.1040858327628381,0.2537631211658427,0.04337061202184489,0.07420792819192666,0.3230354330975624,-0.09324214282885654,0.00296855581307325,0.150105833890568,0.09869956369972196,0.3849638569134552,-0.07464451925081644,0.1185783160049697,-0.01481544960121159,0.071030111580743,0.5165990663927683,0.1890045298023474,-0.1457742551247083,0.1138451600355042,0.3627738345523884,0.2861492888948573,-0.01700618043866252,0.1217709319987356,0.3636261235382451,-0.06381548474115464,0.07100935278244024,0.2631673823722565,0.2553673207505898,0.1480576770400774,0.06749252760805001,0.01607192354586087,-0.1052722372302298,0.1314217075320319,0.04202732216943628,0.0370141519011088,-0.07216044290698398,0.01652505179815101,-0.0487553720799975,0.02679715301152049,-0.0277857078508293,0.05126208267375239,0.05901643953063142,0.1132236338401123,0.01638632324683946,-0.01904687535366894,0.08685654638229093,0.00311043623203997,0.05950553933341619,0.07233786684579017,-0.02047257627985192,0.08302279279843229,-0.04862602971663222,0.03559401953276869,0.01157602336424389,0.03179934956805976,0.02419581835821536,0.02473638315913956,0.03901519289201419
2026-01-12,0.03410839853072239,0.08218675652544938,0.06904705407147917,0.07748541901075623,-0.0005321799889360157,0.08848805185288737,0.0746747028425396,0.2580143615712296,0.1459442767583896,0.1775738485647131,0.1440792500121165,0.09432263045562102,0.04601563133850783,0.2981507886875753,0.04258317865862073,0.1547538652692206,0.05615448578163679,-0.0896860594618954,0.3153483249565643,0.1006695162734357,-0.1037066375421999,0.02293217469089514,0.4599924155803924,0.17644291399176,-0.0609789535497831,0.0707656962839571,0.0163851707172763,0.0007166100274059613,0.01420980388442283,-0.1931468882086396,0.2156850718312026,0.3479513722778149,0.1223434528081023,-0.04633982969669393,0.04210588181118944,0.01133684587375003,-0.08154988661416122,0.1061115466198665,0.1758473844087109,0.1436159893875146,0.008002820209697906,0.08558203840325303,-0.003714237317166756,0.02386985651539165,-0.01245916746681536,0.008382708291396632,0.07307192393181125,0.1273357926646199,-0.005668736329312465,0.0139057830009566,0.1063067125210315,0.1117955287511843,0.08348688919358964,0.01264144230018085,0.03718538772656264,0.03394120780632574,0.005158568253815345,-0.01292093866009582,-0.01417072750891816,-0.0134558742545613,0.01884329937096487
2026-02-09,0.04340685740876363,0.1476185232810041,0.1317249581740341,0.1387435534052667,-0.07966420744708065,-0.1441352212758652,-0.2771582746234347,0.2668219023643554,0.4003403537553257,0.1399435012462643,0.1389199007079108,0.09693595128965425,0.1262586699893418,0.3600317927630827,0.07458480938232961,0.3842726814515895,0.121478955582754,0.09226256991808114,0.01427984359616416,-0.5885431104774477,-0.2028927428643308,0.1897353049078932,0.1897831337985972,0.1462083086465783,0.01593028958609064,-0.05443490882877469,-0.6753336958922557,0.1638481289856645,0.07246356913981847,0.08502446433557403,-0.02886976262311224,-0.02529587776179552,-0.1676617257434448,0.004812302927794812,0.1444472492486997,0.1061144410001394,-0.2043059163559138,-0.114669129398247,0.0851433715388172,0.04233809064597964,0.1659915755768419,0.1611388109968001,0.01290204908074675,-0.02165373609188471,-0.007706273578019672,-0.07702773013581084,0.129474764741474,0.1961434518216752,-0.07893711056638424,0.01848009128342127,0.06397473365018655,0.1363246643718771,0.04516905428973063,-0.0637778923689811,0.1038662961027076,0.03977409685825889,0.02975952863178771,0.03270267207439563,0.03487930509016161,0.03381838418069135,0.07792423197780476
2026-03-09,-0.1155551018964578,0.2729425283244163,0.04238446248088078,0.007368555828398705,-0.09159753625558349,-0.1673360231980448,0.06650275783913437,0.03162861072672368,-0.1590675038617498,0.2152892756390605,0.4777247406453889,0.2389636816193235,-0.1120458906413765,-0.05032524932094774,0.06648196911965362,0.01045717646817166,0.0772123094984284,0.1238063923666581,0.3329976565724649,0.2190130829850772,0.327206536415569,-0.06953028089006083,0.05257155068135473,-0.2069843997313888,0.004754385789588957,0.3296162787540248,-0.230946708783257,-0.09229780077550295,-0.2900021639677044,-0.07632714788160944,-0.2226531569725782,-0.006449058841465969,-0.1058452464366752,-0.08255999993830934,-0.01569842717137859,0.2416755890335461,-0.01856866118263428,-0.01614921085864466,-0.01509067470620798,-0.2070860705533039,-0.01571260368300645,-0.004043568248885579,-0.02317546538943707,-0.04406920984027665,-0.001727590070882147,-0.07132864999146164,-0.0833355255717773,0.09102022670401438,-0.08357090795626425,-0.0780205106974836,-0.0855376585268375,-0.1224004653963033,-0.04436915444575514,-0.03039644788603966,0.01497974736084102,-0.06813200087137163,-0.02153463420249744,-0.02119972774039425,-0.05965636403102247,-0.05255928380470804,-0.01796129362673764
2026-04-06,-0.03942496695652103,0.03161879824286194,0.03076398551872993,0.1515040203521684,-0.001866403428327125,0.07276772588285345,0.2128541959472521,0.2378555480390018,0.4208821589226955,0.0541240193519722,-0.1015373689746458,-0.1684424525325925,-0.1995947833320065,0.3582389534145309,0.08826176299770717,0.1490800179530505,-0.08193183848144918,-0.3715997872337795,-0.0477121683427525,-0.5566501607175238,0.1199060429948063,-0.100711036531927,-0.01954817316731132,0.1517263819494576,-0.08456626574806303,0.6149385736985309,0.05181488369826148,-0.05729370041157116,0.05966673102056895,0.2301563897021224,0.05588953725858314,-0.08117618561225086,0.3653335368213018,-0.0731662248256373,-0.001709084977216777,0.2130953988986474,-0.09943198467263556,0.07455194660605878,-0.01531921956775938,-0.007712393169555995,0.002592102819191431,-0.01967898405573613,-0.03223912799849332,0.04371136572584215,-0.001840070791420341,0.03110266122594391,-0.03511670252430616,-0.01041254114830339,0.0661484408450804,-0.01943505110246837,0.06742007070738437,0.09139971817666585,0.03102137951113552,0.0662198577609423,0.01075280806317764,0.05689093738738338,0.009304923620618329,-0.003796231803550775,0.04115244676259926,0.03454722771106607,0.01603215466111123
2026-05-04,-0.07257094528278348,-0.02074515307362843,-0.06082290086582642,-0.05847821747284263,0.1338011874753283,-0.07524552950710721,0.2104247196598854,0.3185737607846464,0.6915776245852924,0.01461301569684692,-0.08346950237240086,-0.1194808339603194,-0.01140761472922655,0.5240591832150983,-0.004061032319394656,1.211896525054275,-0.07630378473872154,0.2517651146173308,0.1008094882660968,0.241068812691804,-0.25561232958566,-0.1486265981214012,0.8987075661581629,-0.0578944585111945,-0.001048571711512338,0.1263798180560872,0.09469161565069574,0.02527052872795229,0.02432786343405157,0.3611849483719603,0.1358372518411885,-0.345555474499582,0.9693661040726931,0.0148907442734099,0.05220305787924538,0.4757410891997715,0.1764317825613043,0.3659680999132702,0.01836502006354746,-0.09512361433012793,0.01907784759122011,-0.1167571529755592,-0.01296978714734261,0.1285568159750362,0.04054267548163375,0.09821046425506423,0.0340229572248286,-0.03446405602327558,0.01442395880664973,-0.0411257210516433,0.01525696169518159,-0.01118596448832611,0.05706900428969314,0.3249037155343425,-0.07650349978841131,0.01121400245248516,0.007887636978562151,0.01946020712348447,0.00800344163056691,0.008652409739469933,0.04219263700244438
2026-06-01,0.01113743357942883,0.2097279345035129,-0.01248954712372772,-0.01213855864809089,-0.1270801496276999,-0.1618944894057573,-0.1632673955802275,-0.0900870213871075,0.1263375102400329,0.1018670130676102,-0.01479069264061864,-0.02647277716349775,0.05271728027319662,0.102000517672313,-0.1996949168400567,0.05631176812982971,-0.1406728282423867,0.3859585069907414,-0.2158667728205342,0.2955609842714531,-0.09939751219984594,-0.1019551371754714,0.2314159153209461,-0.2434893079946131,0.07994633833535436,-0.1133228715931802,0.0421916835022454,0.001300513004696005,0.3217288261022924,0.7154545629287664,-0.1537482288933852,-0.1143145599530664,0.03855383581935974,0.282765389875862,-0.05258926274156001,0.1822959741290404,0.009351122202361157,-0.1332556011822555,-0.05918973754230377,-0.02184787203516932,0.02131459857698659,0.08917930669916485,0.04014789378877087,-0.0001506477150643151,-0.07320433187427652,-0.07214087230443568,-0.01401685476402891,0.05517661100933048,0.0325054001672531,0.1019777114829579,0.008956957989362647,-0.02981893369655506,0.01033274121774,0.04265463929248861,-0.01318910954211978,-0.02704522635382065,-0.02930037663635945,-0.03025443768721894,-0.03624152110063222,-0.03664487219889026,-0.04234184549262982
2026-06-29,0.02684927649999015,-0.3371398823028932,0.1127760907382187,0.06231366763001316,0.008895300757175475,0.3018468448700746,-0.0221396804286933,-0.09221132329942251,-0.05159105536347,0.07344527075363838,-0.04240411547074073,-0.03756686795265537,0.1296745427202791,0.0836223521334814,0.4277935590660574,-0.429075541905101,-0.1273364921864962,-0.05034653076598888,0.8365082146016817,0.330909860579754,-0.09129008168708343,0.01976002116816546,0.1955032009638708,-0.04370089700065159,0.2091625603262548,0.5610092286705916,0.2520514998668085,0.05263716712240005,-0.1756492754457272,-0.2798351675540038,0.08045702015503584,-0.008483418035161557,0.1684538821262181,0.1133036586535438,0.2120515503208523,-0.2819432531431213,-0.1044792898694506,-0.03714534451153504,-0.03381694217814608,0.2272871191296842,0.1020962730894711,0.196836249157251,0.06354277484830975,0.01984856780980784,-0.02594201190946415,0.03457689145528686,0.04076684921903536,-0.1177213679524285,0.1047225026127411,0.1162084042307006,0.09147405791414581,0.04930561679345018,0.01332672098585312,0.004506278585764456,0.06063865931404985,0.0003136834565466285,-0.0004987978011664851,-0.03033695203412287,-0.01206786131377231,-0.01127899767971803,-0.03082593697011817
2026-07-27,-0.03121413595276444,0.2524086225846881,-0.1307706936549386,-0.1098644566715942,-0.0552447518054562,0.0823261172728755,0.1837901988555402,-0.01092374489032124,0.07008885074852762,0.2606926979649523,0.2032232683349565,0.09766496127195862,-0.1585499525917235,0.01759718113265027,-0.1929307422375575,-0.1667123726871731,0.2022060428393797,0.2294386649046331,-0.6122851125032887,-0.2014062986317487,-0.1299487205052297,0.01162688219582029,-0.2773734819305336,-0.05701830548418191,-0.1532293556768491,0.2033420118454839,-0.3870645576625992,-0.06424461643494546,0.1538536432133775,0.244852839473841,-0.07637821350993346,0.1849048559989143,-0.136992109755173,-0.08996295449537628,-0.01124469101793121,-0.4540494277096019,0.284178754115563,-0.01724040446733238,0.002971624598696239,-0.1228582908395985,0.0656178320777082,-0.04206762480723211,0.01204677956677356,0.004925650388355379,-0.02038903332869682,-0.014423981221265,0.001152376230960243,0.1835089827792498,0.03830016697867328,-0.0119107317323808,-0.03654271353139264,-0.05037456503874067,0.01419123067113369,-0.04808127532475639,-0.05110602304635958,0.01145329646461774,0.0111695649375116,0.02083562690642953,0.0131910952219957,0.01332218519039954,0.01453956710358501
2026-08-24,-0.1289392390864809,-0.007303284390581183,-0.06080221021013657,-0.01917234311349835,0.1933173876949672,0.03565394862850383,-0.03170613489207644,-0.2145463252344479,-0.05181195054216381,0.1966932000092073,0.01642912243162118,0.1031759575714596,0.05058655477517952,-0.2823002511652519,0.02693872457700825,-0.09111476136474413,0.1077932352437281,0.1194186741984376,1.528779053619679,0.2144699716375149,0.2163988074178665,0.2014977798002896,0.2074457304259565,0.5161516944700256,0.0556112834343325,-0.09462914474636942,0.09613402206300312,-0.0081578841533873,-0.07496284231626849,0.1458551051079468,-0.04914657232560522,-0.1644998993163367,-0.03717755156015239,0.03910923917471529,0.03168601225783969,0.1833409917772802,0.1685139700127237,-0.04496830401413851,-0.01120736653649388,-0.00885382683452541,0.03868295812112318,0.08199688569578303,-0.0213095111273493,0.04875620620649154,0.07112628378726735,0.0159008447443453,0.007770483711646488,0.08483507590557693,0.03339935188046537,0.08547600873535768,-0.0250519789938091,0.0879318680611701,-0.02182259873656678,0.09488496699451576,-0.06162541790173435,0.03009211835000513,0.01179626819084893,0.01304753452232859,0.007584380175916502,0.00708516398308638,0.04369731699767894
